"Rk","Wk","Date","Time","Day","Away","Pts","none","Home","Pts","TV","Notes","Away_CFB_Stats_Team_Code","Away_CFB_Stats_Name","Home_CFB_Stats_Team_Code","Home_CFB_Stats_Name"
"1","1","Sep 3 2015","","Thu","Alcorn State","0",NA,"Georgia Tech","0","","",17,"Alcorn St.",255,"Georgia Tech"
"2","1","Sep 3 2015","","Thu","California-Davis","0",NA,"Nevada","0","","",108,"UC Davis",466,"Nevada"
"3","1","Sep 3 2015","","Thu","Duke","0",NA,"Tulane","0","","",193,"Duke",718,"Tulane"
"4","1","Sep 3 2015","","Thu","Elon","0",NA,"Wake Forest","0","","",1068,"Elon",749,"Wake Forest"
"5","1","Sep 3 2015","","Thu","Michigan","0",NA,"Utah","0","","",418,"Michigan",732,"Utah"
"6","1","Sep 3 2015","","Thu","New Hampshire","0",NA,"San Jose State","0","","",469,"New Hampshire",630,"San Jose State"
"7","1","Sep 3 2015","","Thu","Ohio","0",NA,"Idaho","0","","",519,"Ohio",295,"Idaho"
"8","1","Sep 3 2015","","Thu","South Carolina","0",NA,"North Carolina","0","","",648,"South Carolina",457,"North Carolina"
"9","1","Sep 3 2015","","Thu","Texas Christian","0",NA,"Minnesota","0","","",698,"TCU",428,"Minnesota"
"10","1","Sep 3 2015","","Thu","Texas-San Antonio","0",NA,"Arizona","0","","",706,"UTSA",29,"Arizona"
"11","1","Sep 3 2015","","Thu","UNC Charlotte","0",NA,"Georgia State","0","","",NA,NA,254,"Georgia State"
"12","1","Sep 3 2015","","Thu","Villanova","0",NA,"Connecticut","0","","",739,"Villanova",164,"Connecticut"
"13","1","Sep 3 2015","","Thu","Virginia Military Institute","0",NA,"Ball State","0","","",741,"Virginia Military",47,"Ball State"
"14","1","Sep 4 2015","","Fri","Baylor","0",NA,"Southern Methodist","0","","",51,"Baylor",663,"SMU"
"15","1","Sep 4 2015","","Fri","Fordham","0",NA,"Army","0","","",236,"Fordham",725,"Army"
"16","1","Sep 4 2015","","Fri","Michigan State","0",NA,"Western Michigan","0","","",416,"Michigan State",774,"Western Michigan"
"17","1","Sep 4 2015","","Fri","Washington","0",NA,"Boise State","0","","",756,"Washington",66,"Boise State"
"18","1","Sep 4 2015","","Fri","Weber State","0",NA,"Oregon State","0","","",758,"Weber State",528,"Oregon State"
"19","1","Sep 5 2015","","Sat","Abilene Christian","0",NA,"Fresno State","0","","",2,"Abilene Christian",96,"Fresno State"
"20","1","Sep 5 2015","","Sat","Akron","0",NA,"Oklahoma","0","","",5,"Akron",522,"Oklahoma"
"21","1","Sep 5 2015","","Sat","Alabama A&M","0",NA,"Cincinnati","0","","",6,"Alabama A&M",140,"Cincinnati"
"22","1","Sep 5 2015","","Sat","Arizona State","0",NA,"Texas A&M","0","","",28,"Arizona State",697,"Texas A&M"
"23","1","Sep 5 2015","","Sat","Arkansas State","0",NA,"Southern California","0","","",30,"Arkansas State",657,"USC"
"24","1","Sep 5 2015","","Sat","Bethune-Cookman","0",NA,"Miami (FL)","0","","",61,"Bethune-Cookman",415,"Miami (Florida)"
"25","1","Sep 5 2015","","Sat","Bowling Green State","0",NA,"Tennessee","0","","",71,"Bowling Green",694,"Tennessee"
"26","1","Sep 5 2015","","Sat","Brigham Young","0",NA,"Nebraska","0","","",77,"BYU",463,"Nebraska"
"27","1","Sep 5 2015","","Sat","Colgate","0",NA,"Navy","0","","",153,"Colgate",726,"Navy"
"28","1","Sep 5 2015","","Sat","Colorado","0",NA,"Hawaii","0","","",157,"Colorado",277,"Hawai'i"
"29","1","Sep 5 2015","","Sat","Eastern Washington","0",NA,"Oregon","0","","",207,"Eastern Washington",529,"Oregon"
"30","1","Sep 5 2015","","Sat","Florida A&M","0",NA,"South Florida","0","","",228,"Florida A&M",651,"South Florida"
"31","1","Sep 5 2015","","Sat","Florida Atlantic","0",NA,"Tulsa","0","","",229,"Florida Atlantic",719,"Tulsa"
"32","1","Sep 5 2015","","Sat","Florida International","0",NA,"Central Florida","0","","",231,"Florida International",128,"UCF"
"33","1","Sep 5 2015","","Sat","Gardner-Webb","0",NA,"South Alabama","0","","",1092,"Gardner-Webb",646,"South Alabama"
"34","1","Sep 5 2015","","Sat","Georgia Southern","0",NA,"West Virginia","0","","",253,"Georgia Southern",768,"West Virginia"
"35","1","Sep 5 2015","","Sat","Grambling State","0",NA,"California","0","","",261,"Grambling",107,"California"
"36","1","Sep 5 2015","","Sat","Howard","0",NA,"Appalachian State","0","","",290,"Howard",27,"Appalachian State"
"37","1","Sep 5 2015","","Sat","Illinois State","0",NA,"Iowa","0","","",299,"Illinois State",312,"Iowa"
"38","1","Sep 5 2015","","Sat","Jackson State","0",NA,"Middle Tennessee State","0","","",314,"Jackson State",419,"Middle Tennessee"
"39","1","Sep 5 2015","","Sat","Kent State","0",NA,"Illinois","0","","",331,"Kent State",301,"Illinois"
"40","1","Sep 5 2015","","Sat","Louisiana-Lafayette","0",NA,"Kentucky","0","","",671,"Louisiana-Lafayette",334,"Kentucky"
"41","1","Sep 5 2015","","Sat","Louisiana-Monroe","0",NA,"Georgia","0","","",498,"Louisiana-Monroe",257,"Georgia"
"42","1","Sep 5 2015","","Sat","Louisville","0",NA,"Auburn","0","","",367,"Louisville",37,"Auburn"
"43","1","Sep 5 2015","","Sat","Maine","0",NA,"Boston College","0","","",380,"Maine",67,"Boston College"
"44","1","Sep 5 2015","","Sat","Mississippi State","0",NA,"Southern Mississippi","0","","",430,"Mississippi State",664,"Southern Mississippi"
"45","1","Sep 5 2015","","Sat","Missouri State","0",NA,"Memphis","0","","",669,"Missouri State",404,"Memphis"
"46","1","Sep 5 2015","","Sat","Morgan State","0",NA,"Air Force","0","","",446,"Morgan State",721,"Air Force"
"47","1","Sep 5 2015","","Sat","Nevada-Las Vegas","0",NA,"Northern Illinois","0","","",465,"UNLV",503,"Northern Illinois"
"48","1","Sep 5 2015","","Sat","New Mexico State","0",NA,"Florida","0","","",472,"New Mexico State",235,"Florida"
"49","1","Sep 5 2015","","Sat","Norfolk State","0",NA,"Rutgers","0","","",485,"Norfolk State",587,"Rutgers"
"50","1","Sep 5 2015","","Sat","North Dakota","0",NA,"Wyoming","0","","",494,"North Dakota",811,"Wyoming"
"51","1","Sep 5 2015","","Sat","Northern Iowa","0",NA,"Iowa State","0","","",504,"Northern Iowa",311,"Iowa State"
"52","1","Sep 5 2015","","Sat","Oklahoma State","0",NA,"Central Michigan","0","","",521,"Oklahoma State",129,"Central Michigan"
"53","1","Sep 5 2015","","Sat","Old Dominion","0",NA,"Eastern Michigan","0","","",523,"Old Dominion",204,"Eastern Michigan"
"54","1","Sep 5 2015","","Sat","Penn State","0",NA,"Temple","0","","",539,"Penn State",690,"Temple"
"55","1","Sep 5 2015","","Sat","Portland State","0",NA,"Washington State","0","","",550,"Portland State",754,"Washington State"
"56","1","Sep 5 2015","","Sat","Presbyterian","0",NA,"Miami (OH)","0","","",1320,"Presbyterian",414,"Miami (Ohio)"
"57","1","Sep 5 2015","","Sat","Purdue","0",NA,"Marshall","0","","",559,"Purdue",388,"Marshall"
"58","1","Sep 5 2015","","Sat","Rhode Island","0",NA,"Syracuse","0","","",572,"Rhode Island",688,"Syracuse"
"59","1","Sep 5 2015","","Sat","Richmond","0",NA,"Maryland","0","","",575,"Richmond",392,"Maryland"
"60","1","Sep 5 2015","","Sat","Sam Houston State","0",NA,"Texas Tech","0","","",624,"Sam Houston State",700,"Texas Tech"
"61","1","Sep 5 2015","","Sat","Savannah State","0",NA,"Colorado State","0","","",632,"Savannah State",156,"Colorado State"
"62","1","Sep 5 2015","","Sat","South Dakota","0",NA,"Kansas State","0","","",650,"South Dakota",327,"Kansas State"
"63","1","Sep 5 2015","","Sat","South Dakota State","0",NA,"Kansas","0","","",649,"South Dakota State",328,"Kansas"
"64","1","Sep 5 2015","","Sat","Southeast Missouri State","0",NA,"Missouri","0","","",654,"Southeast Missouri State",434,"Missouri"
"65","1","Sep 5 2015","","Sat","Southern","0",NA,"Louisiana Tech","0","","",665,"Southern University",366,"Louisiana Tech"
"66","1","Sep 5 2015","","Sat","Southern Illinois","0",NA,"Indiana","0","","",659,"Southern Illinois",306,"Indiana"
"67","1","Sep 5 2015","","Sat","Southern Utah","0",NA,"Utah State","0","","",667,"Southern Utah",731,"Utah State"
"68","1","Sep 5 2015","","Sat","Stanford","0",NA,"Northwestern","0","","",674,"Stanford",509,"Northwestern"
"69","1","Sep 5 2015","","Sat","Tennessee Tech","0",NA,"Houston","0","","",692,"Tennessee Tech",288,"Houston"
"70","1","Sep 5 2015","","Sat","Tennessee-Martin","0",NA,"Mississippi","0","","",695,"Tennessee-Martin",433,"Mississippi"
"71","1","Sep 5 2015","","Sat","Texas","0",NA,"Notre Dame","0","","",703,"Texas",513,"Notre Dame"
"72","1","Sep 5 2015","","Sat","Texas State","0",NA,"Florida State","0","","",670,"Texas State",234,"Florida State"
"73","1","Sep 5 2015","","Sat","Texas-El Paso","0",NA,"Arkansas","0","","",704,"UTEP",31,"Arkansas"
"74","1","Sep 5 2015","","Sat","Towson","0",NA,"East Carolina","0","","",711,"Towson",196,"East Carolina"
"75","1","Sep 5 2015","","Sat","Troy","0",NA,"North Carolina State","0","","",716,"Troy",490,"North Carolina State"
"76","1","Sep 5 2015","","Sat","Virginia","0",NA,"UCLA","0","","",746,"Virginia",110,"UCLA"
"77","1","Sep 5 2015","","Sat","Wagner","0",NA,"Rice","0","","",748,"Wagner",574,"Rice"
"78","1","Sep 5 2015","","Sat","Western Kentucky","0",NA,"Vanderbilt","0","","",772,"Western Kentucky",736,"Vanderbilt"
"79","1","Sep 5 2015","","Sat","Wisconsin","0",NA,"Alabama","0","","",796,"Wisconsin",8,"Alabama"
"80","1","Sep 5 2015","","Sat","Wofford","0",NA,"Clemson","0","","",2915,"Wofford",147,"Clemson"
"81","1","Sep 5 2015","","Sat","Youngstown State","0",NA,"Pittsburgh","0","","",817,"Youngstown State",545,"Pittsburgh"
"82","1","Sep 7 2015","","Mon","Ohio State","0",NA,"Virginia Tech","0","","",518,"Ohio State",742,"Virginia Tech"
"83","2","Sep 12 2015","","Sat","Appalachian State","0",NA,"Clemson","0","","",27,"Appalachian State",147,"Clemson"
"84","2","Sep 12 2015","","Sat","Arizona","0",NA,"Nevada","0","","",29,"Arizona",466,"Nevada"
"85","2","Sep 12 2015","","Sat","Army","0",NA,"Connecticut","0","","",725,"Army",164,"Connecticut"
"86","2","Sep 12 2015","","Sat","Austin Peay","0",NA,"Southern Mississippi","0","","",43,"Austin Peay",664,"Southern Mississippi"
"87","2","Sep 12 2015","","Sat","Ball State","0",NA,"Texas A&M","0","","",47,"Ball State",697,"Texas A&M"
"88","2","Sep 12 2015","","Sat","Boise State","0",NA,"Brigham Young","0","","",66,"Boise State",77,"BYU"
"89","2","Sep 12 2015","","Sat","Bowling Green State","0",NA,"Maryland","0","","",71,"Bowling Green",392,"Maryland"
"90","2","Sep 12 2015","","Sat","Buffalo","0",NA,"Penn State","0","","",86,"Buffalo",539,"Penn State"
"91","2","Sep 12 2015","","Sat","Cal Poly","0",NA,"Arizona State","0","","",90,"Cal Poly",28,"Arizona State"
"92","2","Sep 12 2015","","Sat","Central Arkansas","0",NA,"Oklahoma State","0","","",1004,"Central Arkansas",521,"Oklahoma State"
"93","2","Sep 12 2015","","Sat","Central Florida","0",NA,"Stanford","0","","",128,"UCF",674,"Stanford"
"94","2","Sep 12 2015","","Sat","Charleston Southern","0",NA,"Troy","0","","",48,"Charleston So.",716,"Troy"
"95","2","Sep 12 2015","","Sat","Delaware State","0",NA,"Kent State","0","","",178,"Delaware State",331,"Kent State"
"96","2","Sep 12 2015","","Sat","East Carolina","0",NA,"Florida","0","","",196,"East Carolina",235,"Florida"
"97","2","Sep 12 2015","","Sat","Eastern Illinois","0",NA,"Northwestern","0","","",201,"Eastern Illinois",509,"Northwestern"
"98","2","Sep 12 2015","","Sat","Eastern Kentucky","0",NA,"North Carolina State","0","","",202,"Eastern Kentucky",490,"North Carolina State"
"99","2","Sep 12 2015","","Sat","Eastern Michigan","0",NA,"Wyoming","0","","",204,"Eastern Michigan",811,"Wyoming"
"100","2","Sep 12 2015","","Sat","Florida International","0",NA,"Indiana","0","","",231,"Florida International",306,"Indiana"
"101","2","Sep 12 2015","","Sat","Fresno State","0",NA,"Mississippi","0","","",96,"Fresno State",433,"Mississippi"
"102","2","Sep 12 2015","","Sat","Furman","0",NA,"Virginia Tech","0","","",244,"Furman",742,"Virginia Tech"
"103","2","Sep 12 2015","","Sat","Georgia","0",NA,"Vanderbilt","0","","",257,"Georgia",736,"Vanderbilt"
"104","2","Sep 12 2015","","Sat","Georgia State","0",NA,"New Mexico State","0","","",254,"Georgia State",472,"New Mexico State"
"105","2","Sep 12 2015","","Sat","Hawaii","0",NA,"Ohio State","0","","",277,"Hawai'i",518,"Ohio State"
"106","2","Sep 12 2015","","Sat","Houston","0",NA,"Louisville","0","","",288,"Houston",367,"Louisville"
"107","2","Sep 12 2015","","Sat","Howard","0",NA,"Boston College","0","","",290,"Howard",67,"Boston College"
"108","2","Sep 12 2015","","Sat","Idaho","0",NA,"Southern California","0","","",295,"Idaho",657,"USC"
"109","2","Sep 12 2015","","Sat","Indiana State","0",NA,"Purdue","0","","",305,"Indiana State",559,"Purdue"
"110","2","Sep 12 2015","","Sat","Iowa","0",NA,"Iowa State","0","","",312,"Iowa",311,"Iowa State"
"111","2","Sep 12 2015","","Sat","Jacksonville State","0",NA,"Auburn","0","","",315,"Jacksonville State",37,"Auburn"
"112","2","Sep 12 2015","","Sat","Kansas State","0",NA,"Texas-San Antonio","0","","",327,"Kansas State",706,"UTSA"
"113","2","Sep 12 2015","","Sat","Kentucky","0",NA,"South Carolina","0","","",334,"Kentucky",648,"South Carolina"
"114","2","Sep 12 2015","","Sat","Lamar","0",NA,"Baylor","0","","",346,"Lamar",51,"Baylor"
"115","2","Sep 12 2015","","Sat","Liberty","0",NA,"West Virginia","0","","",355,"Liberty",768,"West Virginia"
"116","2","Sep 12 2015","","Sat","Louisiana Tech","0",NA,"Western Kentucky","0","","",366,"Louisiana Tech",772,"Western Kentucky"
"117","2","Sep 12 2015","","Sat","Marshall","0",NA,"Ohio","0","","",388,"Marshall",519,"Ohio"
"118","2","Sep 12 2015","","Sat","Massachusetts","0",NA,"Colorado","0","","",400,"Massachusetts",157,"Colorado"
"119","2","Sep 12 2015","","Sat","Memphis","0",NA,"Kansas","0","","",404,"Memphis",328,"Kansas"
"120","2","Sep 12 2015","","Sat","Miami (FL)","0",NA,"Florida Atlantic","0","","",415,"Miami (Florida)",229,"Florida Atlantic"
"121","2","Sep 12 2015","","Sat","Miami (OH)","0",NA,"Wisconsin","0","","",414,"Miami (Ohio)",796,"Wisconsin"
"122","2","Sep 12 2015","","Sat","Middle Tennessee State","0",NA,"Alabama","0","","",419,"Middle Tennessee",8,"Alabama"
"123","2","Sep 12 2015","","Sat","Minnesota","0",NA,"Colorado State","0","","",428,"Minnesota",156,"Colorado State"
"124","2","Sep 12 2015","","Sat","Missouri","0",NA,"Arkansas State","0","","",434,"Missouri",30,"Arkansas State"
"125","2","Sep 12 2015","","Sat","Murray State","0",NA,"Northern Illinois","0","","",454,"Murray State",503,"Northern Illinois"
"126","2","Sep 12 2015","","Sat","Nicholls State","0",NA,"Louisiana-Monroe","0","","",483,"Nicholls State",498,"Louisiana-Monroe"
"127","2","Sep 12 2015","","Sat","Norfolk State","0",NA,"Old Dominion","0","","",485,"Norfolk State",523,"Old Dominion"
"128","2","Sep 12 2015","","Sat","North Carolina Central","0",NA,"Duke","0","","",489,"N.C. Central",193,"Duke"
"129","2","Sep 12 2015","","Sat","North Texas","0",NA,"Southern Methodist","0","","",497,"North Texas",663,"SMU"
"130","2","Sep 12 2015","","Sat","Northwestern State","0",NA,"Louisiana-Lafayette","0","","",508,"Northwestern State",671,"Louisiana-Lafayette"
"131","2","Sep 12 2015","","Sat","Notre Dame","0",NA,"Virginia","0","","",513,"Notre Dame",746,"Virginia"
"132","2","Sep 12 2015","","Sat","Oklahoma","0",NA,"Tennessee","0","","",522,"Oklahoma",694,"Tennessee"
"133","2","Sep 12 2015","","Sat","Oregon","0",NA,"Michigan State","0","","",529,"Oregon",416,"Michigan State"
"134","2","Sep 12 2015","","Sat","Oregon State","0",NA,"Michigan","0","","",528,"Oregon State",418,"Michigan"
"135","2","Sep 12 2015","","Sat","Pittsburgh","0",NA,"Akron","0","","",545,"Pittsburgh",5,"Akron"
"136","2","Sep 12 2015","","Sat","Prairie View A&M","0",NA,"Texas State","0","","",553,"Prairie View A&M",670,"Texas State"
"137","2","Sep 12 2015","","Sat","Presbyterian","0",NA,"UNC Charlotte","0","","",1320,"Presbyterian",NA,NA
"138","2","Sep 12 2015","","Sat","Rice","0",NA,"Texas","0","","",574,"Rice",703,"Texas"
"139","2","Sep 12 2015","","Sat","Sacramento State","0",NA,"Washington","0","","",102,"Sacramento State",756,"Washington"
"140","2","Sep 12 2015","","Sat","San Diego State","0",NA,"California","0","","",626,"San Diego State",107,"California"
"141","2","Sep 12 2015","","Sat","San Jose State","0",NA,"Air Force","0","","",630,"San Jose State",721,"Air Force"
"142","2","Sep 12 2015","","Sat","South Alabama","0",NA,"Nebraska","0","","",646,"South Alabama",463,"Nebraska"
"143","2","Sep 12 2015","","Sat","South Florida","0",NA,"Florida State","0","","",651,"South Florida",234,"Florida State"
"144","2","Sep 12 2015","","Sat","Stephen F. Austin","0",NA,"Texas Christian","0","","",676,"Stephen F. Austin",698,"TCU"
"145","2","Sep 12 2015","","Sat","Temple","0",NA,"Cincinnati","0","","",690,"Temple",140,"Cincinnati"
"146","2","Sep 12 2015","","Sat","Texas-El Paso","0",NA,"Texas Tech","0","","",704,"UTEP",700,"Texas Tech"
"147","2","Sep 12 2015","","Sat","Toledo","0",NA,"Arkansas","0","","",709,"Toledo",31,"Arkansas"
"148","2","Sep 12 2015","","Sat","Tulane","0",NA,"Georgia Tech","0","","",718,"Tulane",255,"Georgia Tech"
"149","2","Sep 12 2015","","Sat","Tulsa","0",NA,"New Mexico","0","","",719,"Tulsa",473,"New Mexico"
"150","2","Sep 12 2015","","Sat","UCLA","0",NA,"Nevada-Las Vegas","0","","",110,"UCLA",465,"UNLV"
"151","2","Sep 12 2015","","Sat","Utah State","0",NA,"Utah","0","","",731,"Utah State",732,"Utah"
"152","2","Sep 12 2015","","Sat","Wake Forest","0",NA,"Syracuse","0","","",749,"Wake Forest",688,"Syracuse"
"153","2","Sep 12 2015","","Sat","Washington State","0",NA,"Rutgers","0","","",754,"Washington State",587,"Rutgers"
"154","2","Sep 12 2015","","Sat","Western Illinois","0",NA,"Illinois","0","","",771,"Western Illinois",301,"Illinois"
"155","2","Sep 12 2015","","Sat","Western Michigan","0",NA,"Georgia Southern","0","","",774,"Western Michigan",253,"Georgia Southern"
"156","3","Sep 17 2015","","Thu","Clemson","0",NA,"Louisville","0","","",147,"Clemson",367,"Louisville"
"157","3","Sep 18 2015","","Fri","Florida State","0",NA,"Boston College","0","","",234,"Florida State",67,"Boston College"
"158","3","Sep 18 2015","","Fri","Idaho State","0",NA,"Boise State","0","","",294,"Idaho State",66,"Boise State"
"159","3","Sep 18 2015","","Fri","New Mexico","0",NA,"Arizona State","0","","",473,"New Mexico",28,"Arizona State"
"160","3","Sep 19 2015","","Sat","Air Force","0",NA,"Michigan State","0","","",721,"Air Force",416,"Michigan State"
"161","3","Sep 19 2015","","Sat","Auburn","0",NA,"Louisiana State","0","","",37,"Auburn",365,"LSU"
"162","3","Sep 19 2015","","Sat","Austin Peay","0",NA,"Vanderbilt","0","","",43,"Austin Peay",736,"Vanderbilt"
"163","3","Sep 19 2015","","Sat","Ball State","0",NA,"Eastern Michigan","0","","",47,"Ball State",204,"Eastern Michigan"
"164","3","Sep 19 2015","","Sat","Brigham Young","0",NA,"UCLA","0","","",77,"BYU",110,"UCLA"
"165","3","Sep 19 2015","","Sat","Buffalo","0",NA,"Florida Atlantic","0","","",86,"Buffalo",229,"Florida Atlantic"
"166","3","Sep 19 2015","","Sat","California","0",NA,"Texas","0","","",107,"California",703,"Texas"
"167","3","Sep 19 2015","","Sat","California-Davis","0",NA,"Hawaii","0","","",108,"UC Davis",277,"Hawai'i"
"168","3","Sep 19 2015","","Sat","Central Michigan","0",NA,"Syracuse","0","","",129,"Central Michigan",688,"Syracuse"
"169","3","Sep 19 2015","","Sat","Cincinnati","0",NA,"Miami (OH)","0","","",140,"Cincinnati",414,"Miami (Ohio)"
"170","3","Sep 19 2015","","Sat","Citadel","0",NA,"Georgia Southern","0","","",141,"Citadel",253,"Georgia Southern"
"171","3","Sep 19 2015","","Sat","Colorado","0",NA,"Colorado State","0","","",157,"Colorado",156,"Colorado State"
"172","3","Sep 19 2015","","Sat","Connecticut","0",NA,"Missouri","0","","",164,"Connecticut",434,"Missouri"
"173","3","Sep 19 2015","","Sat","East Carolina","0",NA,"Navy","0","","",196,"East Carolina",726,"Navy"
"174","3","Sep 19 2015","","Sat","Florida","0",NA,"Kentucky","0","","",235,"Florida",334,"Kentucky"
"175","3","Sep 19 2015","","Sat","Furman","0",NA,"Central Florida","0","","",244,"Furman",128,"UCF"
"176","3","Sep 19 2015","","Sat","Georgia State","0",NA,"Oregon","0","","",254,"Georgia State",529,"Oregon"
"177","3","Sep 19 2015","","Sat","Georgia Tech","0",NA,"Notre Dame","0","","",255,"Georgia Tech",513,"Notre Dame"
"178","3","Sep 19 2015","","Sat","Illinois","0",NA,"North Carolina","0","","",301,"Illinois",457,"North Carolina"
"179","3","Sep 19 2015","","Sat","Iowa State","0",NA,"Toledo","0","","",311,"Iowa State",709,"Toledo"
"180","3","Sep 19 2015","","Sat","Kent State","0",NA,"Minnesota","0","","",331,"Kent State",428,"Minnesota"
"181","3","Sep 19 2015","","Sat","Louisiana Tech","0",NA,"Kansas State","0","","",366,"Louisiana Tech",327,"Kansas State"
"182","3","Sep 19 2015","","Sat","Maine","0",NA,"Tulane","0","","",380,"Maine",718,"Tulane"
"183","3","Sep 19 2015","","Sat","Memphis","0",NA,"Bowling Green State","0","","",404,"Memphis",71,"Bowling Green"
"184","3","Sep 19 2015","","Sat","Mississippi","0",NA,"Alabama","0","","",433,"Mississippi",8,"Alabama"
"185","3","Sep 19 2015","","Sat","Missouri State","0",NA,"Arkansas State","0","","",669,"Missouri State",30,"Arkansas State"
"186","3","Sep 19 2015","","Sat","Nebraska","0",NA,"Miami (FL)","0","","",463,"Nebraska",415,"Miami (Florida)"
"187","3","Sep 19 2015","","Sat","Nevada","0",NA,"Texas A&M","0","","",466,"Nevada",697,"Texas A&M"
"188","3","Sep 19 2015","","Sat","Nevada-Las Vegas","0",NA,"Michigan","0","","",465,"UNLV",418,"Michigan"
"189","3","Sep 19 2015","","Sat","Norfolk State","0",NA,"Marshall","0","","",485,"Norfolk State",388,"Marshall"
"190","3","Sep 19 2015","","Sat","North Carolina Central","0",NA,"Florida International","0","","",489,"N.C. Central",231,"Florida International"
"191","3","Sep 19 2015","","Sat","North Carolina State","0",NA,"Old Dominion","0","","",490,"North Carolina State",523,"Old Dominion"
"192","3","Sep 19 2015","","Sat","Northern Arizona","0",NA,"Arizona","0","","",501,"Northern Arizona",29,"Arizona"
"193","3","Sep 19 2015","","Sat","Northern Illinois","0",NA,"Ohio State","0","","",503,"Northern Illinois",518,"Ohio State"
"194","3","Sep 19 2015","","Sat","Northwestern","0",NA,"Duke","0","","",509,"Northwestern",193,"Duke"
"195","3","Sep 19 2015","","Sat","Pittsburgh","0",NA,"Iowa","0","","",545,"Pittsburgh",312,"Iowa"
"196","3","Sep 19 2015","","Sat","Rice","0",NA,"North Texas","0","","",574,"Rice",497,"North Texas"
"197","3","Sep 19 2015","","Sat","Rutgers","0",NA,"Penn State","0","","",587,"Rutgers",539,"Penn State"
"198","3","Sep 19 2015","","Sat","San Jose State","0",NA,"Oregon State","0","","",630,"San Jose State",528,"Oregon State"
"199","3","Sep 19 2015","","Sat","Savannah State","0",NA,"Akron","0","","",632,"Savannah State",5,"Akron"
"200","3","Sep 19 2015","","Sat","South Alabama","0",NA,"San Diego State","0","","",646,"South Alabama",626,"San Diego State"
"201","3","Sep 19 2015","","Sat","South Carolina","0",NA,"Georgia","0","","",648,"South Carolina",257,"Georgia"
"202","3","Sep 19 2015","","Sat","South Florida","0",NA,"Maryland","0","","",651,"South Florida",392,"Maryland"
"203","3","Sep 19 2015","","Sat","Southeastern Louisiana","0",NA,"Ohio","0","","",655,"Southeastern Louisiana",519,"Ohio"
"204","3","Sep 19 2015","","Sat","Southern Methodist","0",NA,"Texas Christian","0","","",663,"SMU",698,"TCU"
"205","3","Sep 19 2015","","Sat","Southern Mississippi","0",NA,"Texas State","0","","",664,"Southern Mississippi",670,"Texas State"
"206","3","Sep 19 2015","","Sat","Stanford","0",NA,"Southern California","0","","",674,"Stanford",657,"USC"
"207","3","Sep 19 2015","","Sat","Temple","0",NA,"Massachusetts","0","","",690,"Temple",400,"Massachusetts"
"208","3","Sep 19 2015","","Sat","Texas Tech","0",NA,"Arkansas","0","","",700,"Texas Tech",31,"Arkansas"
"209","3","Sep 19 2015","","Sat","Texas-El Paso","0",NA,"New Mexico State","0","","",704,"UTEP",472,"New Mexico State"
"210","3","Sep 19 2015","","Sat","Texas-San Antonio","0",NA,"Oklahoma State","0","","",706,"UTSA",521,"Oklahoma State"
"211","3","Sep 19 2015","","Sat","Troy","0",NA,"Wisconsin","0","","",716,"Troy",796,"Wisconsin"
"212","3","Sep 19 2015","","Sat","Tulsa","0",NA,"Oklahoma","0","","",719,"Tulsa",522,"Oklahoma"
"213","3","Sep 19 2015","","Sat","UNC Charlotte","0",NA,"Middle Tennessee State","0","","",NA,NA,419,"Middle Tennessee"
"214","3","Sep 19 2015","","Sat","Utah","0",NA,"Fresno State","0","","",732,"Utah",96,"Fresno State"
"215","3","Sep 19 2015","","Sat","Utah State","0",NA,"Washington","0","","",731,"Utah State",756,"Washington"
"216","3","Sep 19 2015","","Sat","Virginia Tech","0",NA,"Purdue","0","","",742,"Virginia Tech",559,"Purdue"
"217","3","Sep 19 2015","","Sat","Wake Forest","0",NA,"Army","0","","",749,"Wake Forest",725,"Army"
"218","3","Sep 19 2015","","Sat","Western Carolina","0",NA,"Tennessee","0","","",769,"Western Carolina",694,"Tennessee"
"219","3","Sep 19 2015","","Sat","Western Kentucky","0",NA,"Indiana","0","","",772,"Western Kentucky",306,"Indiana"
"220","3","Sep 19 2015","","Sat","William & Mary","0",NA,"Virginia","0","","",786,"William & Mary",746,"Virginia"
"221","3","Sep 19 2015","","Sat","Wofford","0",NA,"Idaho","0","","",2915,"Wofford",295,"Idaho"
"222","3","Sep 19 2015","","Sat","Wyoming","0",NA,"Washington State","0","","",811,"Wyoming",754,"Washington State"
"223","4","Sep 24 2015","","Thu","Cincinnati","0",NA,"Memphis","0","","",140,"Cincinnati",404,"Memphis"
"224","4","Sep 25 2015","","Fri","Boise State","0",NA,"Virginia","0","","",66,"Boise State",746,"Virginia"
"225","4","Sep 25 2015","","Fri","Stanford","0",NA,"Oregon State","0","","",674,"Stanford",528,"Oregon State"
"226","4","Sep 26 2015","","Sat","Akron","0",NA,"Louisiana-Lafayette","0","","",5,"Akron",671,"Louisiana-Lafayette"
"227","4","Sep 26 2015","","Sat","Appalachian State","0",NA,"Old Dominion","0","","",27,"Appalachian State",523,"Old Dominion"
"228","4","Sep 26 2015","","Sat","Arkansas State","0",NA,"Toledo","0","","",30,"Arkansas State",709,"Toledo"
"229","4","Sep 26 2015","","Sat","Army","0",NA,"Eastern Michigan","0","","",725,"Army",204,"Eastern Michigan"
"230","4","Sep 26 2015","","Sat","Ball State","0",NA,"Northwestern","0","","",47,"Ball State",509,"Northwestern"
"231","4","Sep 26 2015","","Sat","Bowling Green State","0",NA,"Purdue","0","","",71,"Bowling Green",559,"Purdue"
"232","4","Sep 26 2015","","Sat","Brigham Young","0",NA,"Michigan","0","","",77,"BYU",418,"Michigan"
"233","4","Sep 26 2015","","Sat","California","0",NA,"Washington","0","","",107,"California",756,"Washington"
"234","4","Sep 26 2015","","Sat","Central Florida","0",NA,"South Carolina","0","","",128,"UCF",648,"South Carolina"
"235","4","Sep 26 2015","","Sat","Central Michigan","0",NA,"Michigan State","0","","",129,"Central Michigan",416,"Michigan State"
"236","4","Sep 26 2015","","Sat","Colorado State","0",NA,"Texas-San Antonio","0","","",156,"Colorado State",706,"UTSA"
"237","4","Sep 26 2015","","Sat","Delaware","0",NA,"North Carolina","0","","",180,"Delaware",457,"North Carolina"
"238","4","Sep 26 2015","","Sat","Florida Atlantic","0",NA,"UNC Charlotte","0","","",229,"Florida Atlantic",NA,NA
"239","4","Sep 26 2015","","Sat","Florida International","0",NA,"Louisiana Tech","0","","",231,"Florida International",366,"Louisiana Tech"
"240","4","Sep 26 2015","","Sat","Fresno State","0",NA,"San Jose State","0","","",96,"Fresno State",630,"San Jose State"
"241","4","Sep 26 2015","","Sat","Georgia Southern","0",NA,"Idaho","0","","",253,"Georgia Southern",295,"Idaho"
"242","4","Sep 26 2015","","Sat","Georgia Tech","0",NA,"Duke","0","","",255,"Georgia Tech",193,"Duke"
"243","4","Sep 26 2015","","Sat","Hawaii","0",NA,"Wisconsin","0","","",277,"Hawai'i",796,"Wisconsin"
"244","4","Sep 26 2015","","Sat","Idaho State","0",NA,"Nevada-Las Vegas","0","","",294,"Idaho State",465,"UNLV"
"245","4","Sep 26 2015","","Sat","Indiana","0",NA,"Wake Forest","0","","",306,"Indiana",749,"Wake Forest"
"246","4","Sep 26 2015","","Sat","James Madison","0",NA,"Southern Methodist","0","","",317,"James Madison",663,"SMU"
"247","4","Sep 26 2015","","Sat","Kansas","0",NA,"Rutgers","0","","",328,"Kansas",587,"Rutgers"
"248","4","Sep 26 2015","","Sat","Louisiana State","0",NA,"Syracuse","0","","",365,"LSU",688,"Syracuse"
"249","4","Sep 26 2015","","Sat","Louisiana-Monroe","0",NA,"Alabama","0","","",498,"Louisiana-Monroe",8,"Alabama"
"250","4","Sep 26 2015","","Sat","Marshall","0",NA,"Kent State","0","","",388,"Marshall",331,"Kent State"
"251","4","Sep 26 2015","","Sat","Maryland","0",NA,"West Virginia","0","","",392,"Maryland",768,"West Virginia"
"252","4","Sep 26 2015","","Sat","Massachusetts","0",NA,"Notre Dame","0","","",400,"Massachusetts",513,"Notre Dame"
"253","4","Sep 26 2015","","Sat","Miami (OH)","0",NA,"Western Kentucky","0","","",414,"Miami (Ohio)",772,"Western Kentucky"
"254","4","Sep 26 2015","","Sat","Middle Tennessee State","0",NA,"Illinois","0","","",419,"Middle Tennessee",301,"Illinois"
"255","4","Sep 26 2015","","Sat","Mississippi State","0",NA,"Auburn","0","","",430,"Mississippi State",37,"Auburn"
"256","4","Sep 26 2015","","Sat","Missouri","0",NA,"Kentucky","0","","",434,"Missouri",334,"Kentucky"
"257","4","Sep 26 2015","","Sat","Navy","0",NA,"Connecticut","0","","",726,"Navy",164,"Connecticut"
"258","4","Sep 26 2015","","Sat","Nevada","0",NA,"Buffalo","0","","",466,"Nevada",86,"Buffalo"
"259","4","Sep 26 2015","","Sat","New Mexico","0",NA,"Wyoming","0","","",473,"New Mexico",811,"Wyoming"
"260","4","Sep 26 2015","","Sat","Nicholls State","0",NA,"Colorado","0","","",483,"Nicholls State",157,"Colorado"
"261","4","Sep 26 2015","","Sat","North Carolina State","0",NA,"South Alabama","0","","",490,"North Carolina State",646,"South Alabama"
"262","4","Sep 26 2015","","Sat","North Texas","0",NA,"Iowa","0","","",497,"North Texas",312,"Iowa"
"263","4","Sep 26 2015","","Sat","Northern Illinois","0",NA,"Boston College","0","","",503,"Northern Illinois",67,"Boston College"
"264","4","Sep 26 2015","","Sat","Ohio","0",NA,"Minnesota","0","","",519,"Ohio",428,"Minnesota"
"265","4","Sep 26 2015","","Sat","Oklahoma State","0",NA,"Texas","0","","",521,"Oklahoma State",703,"Texas"
"266","4","Sep 26 2015","","Sat","Rice","0",NA,"Baylor","0","","",574,"Rice",51,"Baylor"
"267","4","Sep 26 2015","","Sat","Samford","0",NA,"Louisville","0","","",625,"Samford",367,"Louisville"
"268","4","Sep 26 2015","","Sat","San Diego State","0",NA,"Penn State","0","","",626,"San Diego State",539,"Penn State"
"269","4","Sep 26 2015","","Sat","Southern","0",NA,"Georgia","0","","",665,"Southern University",257,"Georgia"
"270","4","Sep 26 2015","","Sat","Southern California","0",NA,"Arizona State","0","","",657,"USC",28,"Arizona State"
"271","4","Sep 26 2015","","Sat","Southern Mississippi","0",NA,"Nebraska","0","","",664,"Southern Mississippi",463,"Nebraska"
"272","4","Sep 26 2015","","Sat","Tennessee","0",NA,"Florida","0","","",694,"Tennessee",235,"Florida"
"273","4","Sep 26 2015","","Sat","Texas A&M","0",NA,"Arkansas","0","","",697,"Texas A&M",31,"Arkansas"
"274","4","Sep 26 2015","","Sat","Texas Christian","0",NA,"Texas Tech","0","","",698,"TCU",700,"Texas Tech"
"275","4","Sep 26 2015","","Sat","Texas State","0",NA,"Houston","0","","",670,"Texas State",288,"Houston"
"276","4","Sep 26 2015","","Sat","UCLA","0",NA,"Arizona","0","","",110,"UCLA",29,"Arizona"
"277","4","Sep 26 2015","","Sat","Utah","0",NA,"Oregon","0","","",732,"Utah",529,"Oregon"
"278","4","Sep 26 2015","","Sat","Vanderbilt","0",NA,"Mississippi","0","","",736,"Vanderbilt",433,"Mississippi"
"279","4","Sep 26 2015","","Sat","Virginia Tech","0",NA,"East Carolina","0","","",742,"Virginia Tech",196,"East Carolina"
"280","4","Sep 26 2015","","Sat","Western Michigan","0",NA,"Ohio State","0","","",774,"Western Michigan",518,"Ohio State"
"281","5","Oct 1 2015","","Thu","Miami (FL)","0",NA,"Cincinnati","0","","",415,"Miami (Florida)",140,"Cincinnati"
"282","5","Oct 2 2015","","Fri","Connecticut","0",NA,"Brigham Young","0","","",164,"Connecticut",77,"BYU"
"283","5","Oct 2 2015","","Fri","Memphis","0",NA,"South Florida","0","","",404,"Memphis",651,"South Florida"
"284","5","Oct 3 2015","","Sat","Air Force","0",NA,"Navy","0","","",721,"Air Force",726,"Navy"
"285","5","Oct 3 2015","","Sat","Alabama","0",NA,"Georgia","0","","",8,"Alabama",257,"Georgia"
"286","5","Oct 3 2015","","Sat","Arizona","0",NA,"Stanford","0","","",29,"Arizona",674,"Stanford"
"287","5","Oct 3 2015","","Sat","Arizona State","0",NA,"UCLA","0","","",28,"Arizona State",110,"UCLA"
"288","5","Oct 3 2015","","Sat","Arkansas","0",NA,"Tennessee","0","","",31,"Arkansas",694,"Tennessee"
"289","5","Oct 3 2015","","Sat","Army","0",NA,"Penn State","0","","",725,"Army",539,"Penn State"
"290","5","Oct 3 2015","","Sat","Boston College","0",NA,"Duke","0","","",67,"Boston College",193,"Duke"
"291","5","Oct 3 2015","","Sat","Bowling Green State","0",NA,"Buffalo","0","","",71,"Bowling Green",86,"Buffalo"
"292","5","Oct 3 2015","","Sat","Central Florida","0",NA,"Tulane","0","","",128,"UCF",718,"Tulane"
"293","5","Oct 3 2015","","Sat","Colorado State","0",NA,"Utah State","0","","",156,"Colorado State",731,"Utah State"
"294","5","Oct 3 2015","","Sat","East Carolina","0",NA,"Southern Methodist","0","","",196,"East Carolina",663,"SMU"
"295","5","Oct 3 2015","","Sat","Eastern Kentucky","0",NA,"Kentucky","0","","",202,"Eastern Kentucky",334,"Kentucky"
"296","5","Oct 3 2015","","Sat","Eastern Michigan","0",NA,"Louisiana State","0","","",204,"Eastern Michigan",365,"LSU"
"297","5","Oct 3 2015","","Sat","Florida International","0",NA,"Massachusetts","0","","",231,"Florida International",400,"Massachusetts"
"298","5","Oct 3 2015","","Sat","Florida State","0",NA,"Wake Forest","0","","",234,"Florida State",749,"Wake Forest"
"299","5","Oct 3 2015","","Sat","Fresno State","0",NA,"San Diego State","0","","",96,"Fresno State",626,"San Diego State"
"300","5","Oct 3 2015","","Sat","Georgia Southern","0",NA,"Louisiana-Monroe","0","","",253,"Georgia Southern",498,"Louisiana-Monroe"
"301","5","Oct 3 2015","","Sat","Hawaii","0",NA,"Boise State","0","","",277,"Hawai'i",66,"Boise State"
"302","5","Oct 3 2015","","Sat","Houston","0",NA,"Tulsa","0","","",288,"Houston",719,"Tulsa"
"303","5","Oct 3 2015","","Sat","Idaho","0",NA,"Arkansas State","0","","",295,"Idaho",30,"Arkansas State"
"304","5","Oct 3 2015","","Sat","Iowa","0",NA,"Wisconsin","0","","",312,"Iowa",796,"Wisconsin"
"305","5","Oct 3 2015","","Sat","Kansas","0",NA,"Iowa State","0","","",328,"Kansas",311,"Iowa State"
"306","5","Oct 3 2015","","Sat","Kansas State","0",NA,"Oklahoma State","0","","",327,"Kansas State",521,"Oklahoma State"
"307","5","Oct 3 2015","","Sat","Liberty","0",NA,"Georgia State","0","","",355,"Liberty",254,"Georgia State"
"308","5","Oct 3 2015","","Sat","Louisiana-Lafayette","0",NA,"Louisiana Tech","0","","",671,"Louisiana-Lafayette",366,"Louisiana Tech"
"309","5","Oct 3 2015","","Sat","Louisville","0",NA,"North Carolina State","0","","",367,"Louisville",490,"North Carolina State"
"310","5","Oct 3 2015","","Sat","Miami (OH)","0",NA,"Kent State","0","","",414,"Miami (Ohio)",331,"Kent State"
"311","5","Oct 3 2015","","Sat","Michigan","0",NA,"Maryland","0","","",418,"Michigan",392,"Maryland"
"312","5","Oct 3 2015","","Sat","Minnesota","0",NA,"Northwestern","0","","",428,"Minnesota",509,"Northwestern"
"313","5","Oct 3 2015","","Sat","Mississippi","0",NA,"Florida","0","","",433,"Mississippi",235,"Florida"
"314","5","Oct 3 2015","","Sat","Mississippi State","0",NA,"Texas A&M","0","","",430,"Mississippi State",697,"Texas A&M"
"315","5","Oct 3 2015","","Sat","Nebraska","0",NA,"Illinois","0","","",463,"Nebraska",301,"Illinois"
"316","5","Oct 3 2015","","Sat","Nevada-Las Vegas","0",NA,"Nevada","0","","",465,"UNLV",466,"Nevada"
"317","5","Oct 3 2015","","Sat","New Mexico State","0",NA,"New Mexico","0","","",472,"New Mexico State",473,"New Mexico"
"318","5","Oct 3 2015","","Sat","North Carolina","0",NA,"Georgia Tech","0","","",457,"North Carolina",255,"Georgia Tech"
"319","5","Oct 3 2015","","Sat","North Texas","0",NA,"Southern Mississippi","0","","",497,"North Texas",664,"Southern Mississippi"
"320","5","Oct 3 2015","","Sat","Northern Illinois","0",NA,"Central Michigan","0","","",503,"Northern Illinois",129,"Central Michigan"
"321","5","Oct 3 2015","","Sat","Notre Dame","0",NA,"Clemson","0","","",513,"Notre Dame",147,"Clemson"
"322","5","Oct 3 2015","","Sat","Ohio","0",NA,"Akron","0","","",519,"Ohio",5,"Akron"
"323","5","Oct 3 2015","","Sat","Ohio State","0",NA,"Indiana","0","","",518,"Ohio State",306,"Indiana"
"324","5","Oct 3 2015","","Sat","Old Dominion","0",NA,"Marshall","0","","",523,"Old Dominion",388,"Marshall"
"325","5","Oct 3 2015","","Sat","Oregon","0",NA,"Colorado","0","","",529,"Oregon",157,"Colorado"
"326","5","Oct 3 2015","","Sat","Pittsburgh","0",NA,"Virginia Tech","0","","",545,"Pittsburgh",742,"Virginia Tech"
"327","5","Oct 3 2015","","Sat","Purdue","0",NA,"Michigan State","0","","",559,"Purdue",416,"Michigan State"
"328","5","Oct 3 2015","","Sat","San Jose State","0",NA,"Auburn","0","","",630,"San Jose State",37,"Auburn"
"329","5","Oct 3 2015","","Sat","South Alabama","0",NA,"Troy","0","","",646,"South Alabama",716,"Troy"
"330","5","Oct 3 2015","","Sat","South Carolina","0",NA,"Missouri","0","","",648,"South Carolina",434,"Missouri"
"331","5","Oct 3 2015","","Sat","Temple","0",NA,"UNC Charlotte","0","","",690,"Temple",NA,NA
"332","5","Oct 3 2015","","Sat","Texas","0",NA,"Texas Christian","0","","",703,"Texas",698,"TCU"
"333","5","Oct 3 2015","","Sat","Texas Tech","0",NA,"Baylor","0","","",700,"Texas Tech",51,"Baylor"
"334","5","Oct 3 2015","","Sat","Texas-San Antonio","0",NA,"Texas-El Paso","0","","",706,"UTSA",704,"UTEP"
"335","5","Oct 3 2015","","Sat","Toledo","0",NA,"Ball State","0","","",709,"Toledo",47,"Ball State"
"336","5","Oct 3 2015","","Sat","Vanderbilt","0",NA,"Middle Tennessee State","0","","",736,"Vanderbilt",419,"Middle Tennessee"
"337","5","Oct 3 2015","","Sat","Washington State","0",NA,"California","0","","",754,"Washington State",107,"California"
"338","5","Oct 3 2015","","Sat","West Virginia","0",NA,"Oklahoma","0","","",768,"West Virginia",522,"Oklahoma"
"339","5","Oct 3 2015","","Sat","Western Kentucky","0",NA,"Rice","0","","",772,"Western Kentucky",574,"Rice"
"340","5","Oct 3 2015","","Sat","Wyoming","0",NA,"Appalachian State","0","","",811,"Wyoming",27,"Appalachian State"
"341","6","Oct 8 2015","","Thu","Southern Methodist","0",NA,"Houston","0","","",663,"SMU",288,"Houston"
"342","6","Oct 8 2015","","Thu","Washington","0",NA,"Southern California","0","","",756,"Washington",657,"USC"
"343","6","Oct 9 2015","","Fri","North Carolina State","0",NA,"Virginia Tech","0","","",490,"North Carolina State",742,"Virginia Tech"
"344","6","Oct 10 2015","","Sat","Akron","0",NA,"Eastern Michigan","0","","",5,"Akron",204,"Eastern Michigan"
"345","6","Oct 10 2015","","Sat","Appalachian State","0",NA,"Georgia State","0","","",27,"Appalachian State",254,"Georgia State"
"346","6","Oct 10 2015","","Sat","Arkansas","0",NA,"Alabama","0","","",31,"Arkansas",8,"Alabama"
"347","6","Oct 10 2015","","Sat","Ball State","0",NA,"Northern Illinois","0","","",47,"Ball State",503,"Northern Illinois"
"348","6","Oct 10 2015","","Sat","Baylor","0",NA,"Kansas","0","","",51,"Baylor",328,"Kansas"
"349","6","Oct 10 2015","","Sat","Boise State","0",NA,"Colorado State","0","","",66,"Boise State",156,"Colorado State"
"350","6","Oct 10 2015","","Sat","California","0",NA,"Utah","0","","",107,"California",732,"Utah"
"351","6","Oct 10 2015","","Sat","Central Michigan","0",NA,"Western Michigan","0","","",129,"Central Michigan",774,"Western Michigan"
"352","6","Oct 10 2015","","Sat","Colorado","0",NA,"Arizona State","0","","",157,"Colorado",28,"Arizona State"
"353","6","Oct 10 2015","","Sat","Connecticut","0",NA,"Central Florida","0","","",164,"Connecticut",128,"UCF"
"354","6","Oct 10 2015","","Sat","Duke","0",NA,"Army","0","","",193,"Duke",725,"Army"
"355","6","Oct 10 2015","","Sat","East Carolina","0",NA,"Brigham Young","0","","",196,"East Carolina",77,"BYU"
"356","6","Oct 10 2015","","Sat","Florida","0",NA,"Missouri","0","","",235,"Florida",434,"Missouri"
"357","6","Oct 10 2015","","Sat","Georgia","0",NA,"Tennessee","0","","",257,"Georgia",694,"Tennessee"
"358","6","Oct 10 2015","","Sat","Georgia Tech","0",NA,"Clemson","0","","",255,"Georgia Tech",147,"Clemson"
"359","6","Oct 10 2015","","Sat","Illinois","0",NA,"Iowa","0","","",301,"Illinois",312,"Iowa"
"360","6","Oct 10 2015","","Sat","Indiana","0",NA,"Penn State","0","","",306,"Indiana",539,"Penn State"
"361","6","Oct 10 2015","","Sat","Iowa State","0",NA,"Texas Tech","0","","",311,"Iowa State",700,"Texas Tech"
"362","6","Oct 10 2015","","Sat","Kent State","0",NA,"Toledo","0","","",331,"Kent State",709,"Toledo"
"363","6","Oct 10 2015","","Sat","Louisiana State","0",NA,"South Carolina","0","","",365,"LSU",648,"South Carolina"
"364","6","Oct 10 2015","","Sat","Louisiana Tech","0",NA,"Texas-San Antonio","0","","",366,"Louisiana Tech",706,"UTSA"
"365","6","Oct 10 2015","","Sat","Louisiana-Monroe","0",NA,"Tulsa","0","","",498,"Louisiana-Monroe",719,"Tulsa"
"366","6","Oct 10 2015","","Sat","Maryland","0",NA,"Ohio State","0","","",392,"Maryland",518,"Ohio State"
"367","6","Oct 10 2015","","Sat","Massachusetts","0",NA,"Bowling Green State","0","","",400,"Massachusetts",71,"Bowling Green"
"368","6","Oct 10 2015","","Sat","Miami (FL)","0",NA,"Florida State","0","","",415,"Miami (Florida)",234,"Florida State"
"369","6","Oct 10 2015","","Sat","Miami (OH)","0",NA,"Ohio","0","","",414,"Miami (Ohio)",519,"Ohio"
"370","6","Oct 10 2015","","Sat","Michigan State","0",NA,"Rutgers","0","","",416,"Michigan State",587,"Rutgers"
"371","6","Oct 10 2015","","Sat","Middle Tennessee State","0",NA,"Western Kentucky","0","","",419,"Middle Tennessee",772,"Western Kentucky"
"372","6","Oct 10 2015","","Sat","Minnesota","0",NA,"Purdue","0","","",428,"Minnesota",559,"Purdue"
"373","6","Oct 10 2015","","Sat","Navy","0",NA,"Notre Dame","0","","",726,"Navy",513,"Notre Dame"
"374","6","Oct 10 2015","","Sat","New Mexico","0",NA,"Nevada","0","","",473,"New Mexico",466,"Nevada"
"375","6","Oct 10 2015","","Sat","New Mexico State","0",NA,"Mississippi","0","","",472,"New Mexico State",433,"Mississippi"
"376","6","Oct 10 2015","","Sat","Northwestern","0",NA,"Michigan","0","","",509,"Northwestern",418,"Michigan"
"377","6","Oct 10 2015","","Sat","Oklahoma","0",NA,"Texas","0","","",522,"Oklahoma",703,"Texas"
"378","6","Oct 10 2015","","Sat","Oklahoma State","0",NA,"West Virginia","0","","",521,"Oklahoma State",768,"West Virginia"
"379","6","Oct 10 2015","","Sat","Oregon State","0",NA,"Arizona","0","","",528,"Oregon State",29,"Arizona"
"380","6","Oct 10 2015","","Sat","Portland State","0",NA,"North Texas","0","","",550,"Portland State",497,"North Texas"
"381","6","Oct 10 2015","","Sat","Rice","0",NA,"Florida Atlantic","0","","",574,"Rice",229,"Florida Atlantic"
"382","6","Oct 10 2015","","Sat","San Diego State","0",NA,"Hawaii","0","","",626,"San Diego State",277,"Hawai'i"
"383","6","Oct 10 2015","","Sat","San Jose State","0",NA,"Nevada-Las Vegas","0","","",630,"San Jose State",465,"UNLV"
"384","6","Oct 10 2015","","Sat","Southern Mississippi","0",NA,"Marshall","0","","",664,"Southern Mississippi",388,"Marshall"
"385","6","Oct 10 2015","","Sat","Syracuse","0",NA,"South Florida","0","","",688,"Syracuse",651,"South Florida"
"386","6","Oct 10 2015","","Sat","Texas Christian","0",NA,"Kansas State","0","","",698,"TCU",327,"Kansas State"
"387","6","Oct 10 2015","","Sat","Texas State","0",NA,"Louisiana-Lafayette","0","","",670,"Texas State",671,"Louisiana-Lafayette"
"388","6","Oct 10 2015","","Sat","Texas-El Paso","0",NA,"Florida International","0","","",704,"UTEP",231,"Florida International"
"389","6","Oct 10 2015","","Sat","Troy","0",NA,"Mississippi State","0","","",716,"Troy",430,"Mississippi State"
"390","6","Oct 10 2015","","Sat","Tulane","0",NA,"Temple","0","","",718,"Tulane",690,"Temple"
"391","6","Oct 10 2015","","Sat","Utah State","0",NA,"Fresno State","0","","",731,"Utah State",96,"Fresno State"
"392","6","Oct 10 2015","","Sat","Virginia","0",NA,"Pittsburgh","0","","",746,"Virginia",545,"Pittsburgh"
"393","6","Oct 10 2015","","Sat","Wake Forest","0",NA,"Boston College","0","","",749,"Wake Forest",67,"Boston College"
"394","6","Oct 10 2015","","Sat","Washington State","0",NA,"Oregon","0","","",754,"Washington State",529,"Oregon"
"395","6","Oct 10 2015","","Sat","Wisconsin","0",NA,"Nebraska","0","","",796,"Wisconsin",463,"Nebraska"
"396","6","Oct 10 2015","","Sat","Wyoming","0",NA,"Air Force","0","","",811,"Wyoming",721,"Air Force"
"397","7","Oct 13 2015","","Tue","Arkansas State","0",NA,"South Alabama","0","","",30,"Arkansas State",646,"South Alabama"
"398","7","Oct 15 2015","","Thu","Auburn","0",NA,"Kentucky","0","","",37,"Auburn",334,"Kentucky"
"399","7","Oct 15 2015","","Thu","UCLA","0",NA,"Stanford","0","","",110,"UCLA",674,"Stanford"
"400","7","Oct 16 2015","","Fri","Houston","0",NA,"Tulane","0","","",288,"Houston",718,"Tulane"
"401","7","Oct 17 2015","","Sat","Air Force","0",NA,"Colorado State","0","","",721,"Air Force",156,"Colorado State"
"402","7","Oct 17 2015","","Sat","Akron","0",NA,"Bowling Green State","0","","",5,"Akron",71,"Bowling Green"
"403","7","Oct 17 2015","","Sat","Alabama","0",NA,"Texas A&M","0","","",8,"Alabama",697,"Texas A&M"
"404","7","Oct 17 2015","","Sat","Appalachian State","0",NA,"Louisiana-Monroe","0","","",27,"Appalachian State",498,"Louisiana-Monroe"
"405","7","Oct 17 2015","","Sat","Arizona","0",NA,"Colorado","0","","",29,"Arizona",157,"Colorado"
"406","7","Oct 17 2015","","Sat","Arizona State","0",NA,"Utah","0","","",28,"Arizona State",732,"Utah"
"407","7","Oct 17 2015","","Sat","Boise State","0",NA,"Utah State","0","","",66,"Boise State",731,"Utah State"
"408","7","Oct 17 2015","","Sat","Boston College","0",NA,"Clemson","0","","",67,"Boston College",147,"Clemson"
"409","7","Oct 17 2015","","Sat","Buffalo","0",NA,"Central Michigan","0","","",86,"Buffalo",129,"Central Michigan"
"410","7","Oct 17 2015","","Sat","Central Florida","0",NA,"Temple","0","","",128,"UCF",690,"Temple"
"411","7","Oct 17 2015","","Sat","Cincinnati","0",NA,"Brigham Young","0","","",140,"Cincinnati",77,"BYU"
"412","7","Oct 17 2015","","Sat","Eastern Michigan","0",NA,"Toledo","0","","",204,"Eastern Michigan",709,"Toledo"
"413","7","Oct 17 2015","","Sat","Florida","0",NA,"Louisiana State","0","","",235,"Florida",365,"LSU"
"414","7","Oct 17 2015","","Sat","Florida International","0",NA,"Middle Tennessee State","0","","",231,"Florida International",419,"Middle Tennessee"
"415","7","Oct 17 2015","","Sat","Georgia State","0",NA,"Ball State","0","","",254,"Georgia State",47,"Ball State"
"416","7","Oct 17 2015","","Sat","Hawaii","0",NA,"New Mexico","0","","",277,"Hawai'i",473,"New Mexico"
"417","7","Oct 17 2015","","Sat","Idaho","0",NA,"Troy","0","","",295,"Idaho",716,"Troy"
"418","7","Oct 17 2015","","Sat","Iowa","0",NA,"Northwestern","0","","",312,"Iowa",509,"Northwestern"
"419","7","Oct 17 2015","","Sat","Kent State","0",NA,"Massachusetts","0","","",331,"Kent State",400,"Massachusetts"
"420","7","Oct 17 2015","","Sat","Louisiana Tech","0",NA,"Mississippi State","0","","",366,"Louisiana Tech",430,"Mississippi State"
"421","7","Oct 17 2015","","Sat","Louisville","0",NA,"Florida State","0","","",367,"Louisville",234,"Florida State"
"422","7","Oct 17 2015","","Sat","Marshall","0",NA,"Florida Atlantic","0","","",388,"Marshall",229,"Florida Atlantic"
"423","7","Oct 17 2015","","Sat","Michigan State","0",NA,"Michigan","0","","",416,"Michigan State",418,"Michigan"
"424","7","Oct 17 2015","","Sat","Mississippi","0",NA,"Memphis","0","","",433,"Mississippi",404,"Memphis"
"425","7","Oct 17 2015","","Sat","Missouri","0",NA,"Georgia","0","","",434,"Missouri",257,"Georgia"
"426","7","Oct 17 2015","","Sat","Nebraska","0",NA,"Minnesota","0","","",463,"Nebraska",428,"Minnesota"
"427","7","Oct 17 2015","","Sat","Nevada","0",NA,"Wyoming","0","","",466,"Nevada",811,"Wyoming"
"428","7","Oct 17 2015","","Sat","Nevada-Las Vegas","0",NA,"Fresno State","0","","",465,"UNLV",96,"Fresno State"
"429","7","Oct 17 2015","","Sat","New Mexico State","0",NA,"Georgia Southern","0","","",472,"New Mexico State",253,"Georgia Southern"
"430","7","Oct 17 2015","","Sat","Northern Illinois","0",NA,"Miami (OH)","0","","",503,"Northern Illinois",414,"Miami (Ohio)"
"431","7","Oct 17 2015","","Sat","Oklahoma","0",NA,"Kansas State","0","","",522,"Oklahoma",327,"Kansas State"
"432","7","Oct 17 2015","","Sat","Oregon","0",NA,"Washington","0","","",529,"Oregon",756,"Washington"
"433","7","Oct 17 2015","","Sat","Oregon State","0",NA,"Washington State","0","","",528,"Oregon State",754,"Washington State"
"434","7","Oct 17 2015","","Sat","Penn State","0",NA,"Ohio State","0","","",539,"Penn State",518,"Ohio State"
"435","7","Oct 17 2015","","Sat","Pittsburgh","0",NA,"Georgia Tech","0","","",545,"Pittsburgh",255,"Georgia Tech"
"436","7","Oct 17 2015","","Sat","Purdue","0",NA,"Wisconsin","0","","",559,"Purdue",796,"Wisconsin"
"437","7","Oct 17 2015","","Sat","Rutgers","0",NA,"Indiana","0","","",587,"Rutgers",306,"Indiana"
"438","7","Oct 17 2015","","Sat","San Diego State","0",NA,"San Jose State","0","","",626,"San Diego State",630,"San Jose State"
"439","7","Oct 17 2015","","Sat","South Florida","0",NA,"Connecticut","0","","",651,"South Florida",164,"Connecticut"
"440","7","Oct 17 2015","","Sat","Southern California","0",NA,"Notre Dame","0","","",657,"USC",513,"Notre Dame"
"441","7","Oct 17 2015","","Sat","Syracuse","0",NA,"Virginia","0","","",688,"Syracuse",746,"Virginia"
"442","7","Oct 17 2015","","Sat","Texas Christian","0",NA,"Iowa State","0","","",698,"TCU",311,"Iowa State"
"443","7","Oct 17 2015","","Sat","Texas Tech","0",NA,"Kansas","0","","",700,"Texas Tech",328,"Kansas"
"444","7","Oct 17 2015","","Sat","Texas-San Antonio","0",NA,"Southern Mississippi","0","","",706,"UTSA",664,"Southern Mississippi"
"445","7","Oct 17 2015","","Sat","Tulsa","0",NA,"East Carolina","0","","",719,"Tulsa",196,"East Carolina"
"446","7","Oct 17 2015","","Sat","UNC Charlotte","0",NA,"Old Dominion","0","","",NA,NA,523,"Old Dominion"
"447","7","Oct 17 2015","","Sat","Vanderbilt","0",NA,"South Carolina","0","","",736,"Vanderbilt",648,"South Carolina"
"448","7","Oct 17 2015","","Sat","Virginia Tech","0",NA,"Miami (FL)","0","","",742,"Virginia Tech",415,"Miami (Florida)"
"449","7","Oct 17 2015","","Sat","Wake Forest","0",NA,"North Carolina","0","","",749,"Wake Forest",457,"North Carolina"
"450","7","Oct 17 2015","","Sat","West Virginia","0",NA,"Baylor","0","","",768,"West Virginia",51,"Baylor"
"451","7","Oct 17 2015","","Sat","Western Kentucky","0",NA,"North Texas","0","","",772,"Western Kentucky",497,"North Texas"
"452","7","Oct 17 2015","","Sat","Western Michigan","0",NA,"Ohio","0","","",774,"Western Michigan",519,"Ohio"
"453","8","Oct 20 2015","","Tue","Louisiana-Lafayette","0",NA,"Arkansas State","0","","",671,"Louisiana-Lafayette",30,"Arkansas State"
"454","8","Oct 22 2015","","Thu","California","0",NA,"UCLA","0","","",107,"California",110,"UCLA"
"455","8","Oct 22 2015","","Thu","Georgia Southern","0",NA,"Appalachian State","0","","",253,"Georgia Southern",27,"Appalachian State"
"456","8","Oct 22 2015","","Thu","Temple","0",NA,"East Carolina","0","","",690,"Temple",196,"East Carolina"
"457","8","Oct 23 2015","","Fri","Memphis","0",NA,"Tulsa","0","","",404,"Memphis",719,"Tulsa"
"458","8","Oct 24 2015","","Sat","Army","0",NA,"Rice","0","","",725,"Army",574,"Rice"
"459","8","Oct 24 2015","","Sat","Auburn","0",NA,"Arkansas","0","","",37,"Auburn",31,"Arkansas"
"460","8","Oct 24 2015","","Sat","Boston College","0",NA,"Louisville","0","","",67,"Boston College",367,"Louisville"
"461","8","Oct 24 2015","","Sat","Bowling Green State","0",NA,"Kent State","0","","",71,"Bowling Green",331,"Kent State"
"462","8","Oct 24 2015","","Sat","Central Michigan","0",NA,"Ball State","0","","",129,"Central Michigan",47,"Ball State"
"463","8","Oct 24 2015","","Sat","Clemson","0",NA,"Miami (FL)","0","","",147,"Clemson",415,"Miami (Florida)"
"464","8","Oct 24 2015","","Sat","Colorado","0",NA,"Oregon State","0","","",157,"Colorado",528,"Oregon State"
"465","8","Oct 24 2015","","Sat","Connecticut","0",NA,"Cincinnati","0","","",164,"Connecticut",140,"Cincinnati"
"466","8","Oct 24 2015","","Sat","Duke","0",NA,"Virginia Tech","0","","",193,"Duke",742,"Virginia Tech"
"467","8","Oct 24 2015","","Sat","Eastern Michigan","0",NA,"Northern Illinois","0","","",204,"Eastern Michigan",503,"Northern Illinois"
"468","8","Oct 24 2015","","Sat","Florida Atlantic","0",NA,"Texas-El Paso","0","","",229,"Florida Atlantic",704,"UTEP"
"469","8","Oct 24 2015","","Sat","Florida State","0",NA,"Georgia Tech","0","","",234,"Florida State",255,"Georgia Tech"
"470","8","Oct 24 2015","","Sat","Fresno State","0",NA,"Air Force","0","","",96,"Fresno State",721,"Air Force"
"471","8","Oct 24 2015","","Sat","Hawaii","0",NA,"Nevada","0","","",277,"Hawai'i",466,"Nevada"
"472","8","Oct 24 2015","","Sat","Houston","0",NA,"Central Florida","0","","",288,"Houston",128,"UCF"
"473","8","Oct 24 2015","","Sat","Indiana","0",NA,"Michigan State","0","","",306,"Indiana",416,"Michigan State"
"474","8","Oct 24 2015","","Sat","Iowa State","0",NA,"Baylor","0","","",311,"Iowa State",51,"Baylor"
"475","8","Oct 24 2015","","Sat","Kansas","0",NA,"Oklahoma State","0","","",328,"Kansas",521,"Oklahoma State"
"476","8","Oct 24 2015","","Sat","Kansas State","0",NA,"Texas","0","","",327,"Kansas State",703,"Texas"
"477","8","Oct 24 2015","","Sat","Kentucky","0",NA,"Mississippi State","0","","",334,"Kentucky",430,"Mississippi State"
"478","8","Oct 24 2015","","Sat","Louisiana-Monroe","0",NA,"Idaho","0","","",498,"Louisiana-Monroe",295,"Idaho"
"479","8","Oct 24 2015","","Sat","Miami (OH)","0",NA,"Western Michigan","0","","",414,"Miami (Ohio)",774,"Western Michigan"
"480","8","Oct 24 2015","","Sat","Middle Tennessee State","0",NA,"Louisiana Tech","0","","",419,"Middle Tennessee",366,"Louisiana Tech"
"481","8","Oct 24 2015","","Sat","Missouri","0",NA,"Vanderbilt","0","","",434,"Missouri",736,"Vanderbilt"
"482","8","Oct 24 2015","","Sat","New Mexico","0",NA,"San Jose State","0","","",473,"New Mexico",630,"San Jose State"
"483","8","Oct 24 2015","","Sat","North Carolina State","0",NA,"Wake Forest","0","","",490,"North Carolina State",749,"Wake Forest"
"484","8","Oct 24 2015","","Sat","North Texas","0",NA,"Marshall","0","","",497,"North Texas",388,"Marshall"
"485","8","Oct 24 2015","","Sat","Northwestern","0",NA,"Nebraska","0","","",509,"Northwestern",463,"Nebraska"
"486","8","Oct 24 2015","","Sat","Ohio","0",NA,"Buffalo","0","","",519,"Ohio",86,"Buffalo"
"487","8","Oct 24 2015","","Sat","Ohio State","0",NA,"Rutgers","0","","",518,"Ohio State",587,"Rutgers"
"488","8","Oct 24 2015","","Sat","Old Dominion","0",NA,"Florida International","0","","",523,"Old Dominion",231,"Florida International"
"489","8","Oct 24 2015","","Sat","Penn State","0",NA,"Maryland","0","","",539,"Penn State",392,"Maryland"
"490","8","Oct 24 2015","","Sat","Pittsburgh","0",NA,"Syracuse","0","","",545,"Pittsburgh",688,"Syracuse"
"491","8","Oct 24 2015","","Sat","South Alabama","0",NA,"Texas State","0","","",646,"South Alabama",670,"Texas State"
"492","8","Oct 24 2015","","Sat","Southern Methodist","0",NA,"South Florida","0","","",663,"SMU",651,"South Florida"
"493","8","Oct 24 2015","","Sat","Southern Mississippi","0",NA,"UNC Charlotte","0","","",664,"Southern Mississippi",NA,NA
"494","8","Oct 24 2015","","Sat","Tennessee","0",NA,"Alabama","0","","",694,"Tennessee",8,"Alabama"
"495","8","Oct 24 2015","","Sat","Texas A&M","0",NA,"Mississippi","0","","",697,"Texas A&M",433,"Mississippi"
"496","8","Oct 24 2015","","Sat","Texas Tech","0",NA,"Oklahoma","0","","",700,"Texas Tech",522,"Oklahoma"
"497","8","Oct 24 2015","","Sat","Toledo","0",NA,"Massachusetts","0","","",709,"Toledo",400,"Massachusetts"
"498","8","Oct 24 2015","","Sat","Troy","0",NA,"New Mexico State","0","","",716,"Troy",472,"New Mexico State"
"499","8","Oct 24 2015","","Sat","Tulane","0",NA,"Navy","0","","",718,"Tulane",726,"Navy"
"500","8","Oct 24 2015","","Sat","Utah","0",NA,"Southern California","0","","",732,"Utah",657,"USC"
"501","8","Oct 24 2015","","Sat","Utah State","0",NA,"San Diego State","0","","",731,"Utah State",626,"San Diego State"
"502","8","Oct 24 2015","","Sat","Virginia","0",NA,"North Carolina","0","","",746,"Virginia",457,"North Carolina"
"503","8","Oct 24 2015","","Sat","Wagner","0",NA,"Brigham Young","0","","",748,"Wagner",77,"BYU"
"504","8","Oct 24 2015","","Sat","Washington","0",NA,"Stanford","0","","",756,"Washington",674,"Stanford"
"505","8","Oct 24 2015","","Sat","Washington State","0",NA,"Arizona","0","","",754,"Washington State",29,"Arizona"
"506","8","Oct 24 2015","","Sat","Wisconsin","0",NA,"Illinois","0","","",796,"Wisconsin",301,"Illinois"
"507","8","Oct 24 2015","","Sat","Wyoming","0",NA,"Boise State","0","","",811,"Wyoming",66,"Boise State"
"508","9","Oct 29 2015","","Thu","Buffalo","0",NA,"Miami (OH)","0","","",86,"Buffalo",414,"Miami (Ohio)"
"509","9","Oct 29 2015","","Thu","North Carolina","0",NA,"Pittsburgh","0","","",457,"North Carolina",545,"Pittsburgh"
"510","9","Oct 29 2015","","Thu","Oregon","0",NA,"Arizona State","0","","",529,"Oregon",28,"Arizona State"
"511","9","Oct 29 2015","","Thu","Texas State","0",NA,"Georgia Southern","0","","",670,"Texas State",253,"Georgia Southern"
"512","9","Oct 29 2015","","Thu","West Virginia","0",NA,"Texas Christian","0","","",768,"West Virginia",698,"TCU"
"513","9","Oct 29 2015","","Thu","Western Michigan","0",NA,"Eastern Michigan","0","","",774,"Western Michigan",204,"Eastern Michigan"
"514","9","Oct 30 2015","","Fri","East Carolina","0",NA,"Connecticut","0","","",196,"East Carolina",164,"Connecticut"
"515","9","Oct 30 2015","","Fri","Louisville","0",NA,"Wake Forest","0","","",367,"Louisville",749,"Wake Forest"
"516","9","Oct 31 2015","","Sat","Air Force","0",NA,"Hawaii","0","","",721,"Air Force",277,"Hawai'i"
"517","9","Oct 31 2015","","Sat","Arizona","0",NA,"Washington","0","","",29,"Arizona",756,"Washington"
"518","9","Oct 31 2015","","Sat","Boise State","0",NA,"Nevada-Las Vegas","0","","",66,"Boise State",465,"UNLV"
"519","9","Oct 31 2015","","Sat","Central Florida","0",NA,"Cincinnati","0","","",128,"UCF",140,"Cincinnati"
"520","9","Oct 31 2015","","Sat","Central Michigan","0",NA,"Akron","0","","",129,"Central Michigan",5,"Akron"
"521","9","Oct 31 2015","","Sat","Clemson","0",NA,"North Carolina State","0","","",147,"Clemson",490,"North Carolina State"
"522","9","Oct 31 2015","","Sat","Colorado","0",NA,"UCLA","0","","",157,"Colorado",110,"UCLA"
"523","9","Oct 31 2015","","Sat","Florida International","0",NA,"Florida Atlantic","0","","",231,"Florida International",229,"Florida Atlantic"
"524","9","Oct 31 2015","","Sat","Georgia","0",NA,"Florida","0","","",257,"Georgia",235,"Florida"
"525","9","Oct 31 2015","","Sat","Georgia State","0",NA,"Arkansas State","0","","",254,"Georgia State",30,"Arkansas State"
"526","9","Oct 31 2015","","Sat","Georgia Tech","0",NA,"Virginia","0","","",255,"Georgia Tech",746,"Virginia"
"527","9","Oct 31 2015","","Sat","Idaho","0",NA,"New Mexico State","0","","",295,"Idaho",472,"New Mexico State"
"528","9","Oct 31 2015","","Sat","Illinois","0",NA,"Penn State","0","","",301,"Illinois",539,"Penn State"
"529","9","Oct 31 2015","","Sat","Louisiana Tech","0",NA,"Rice","0","","",366,"Louisiana Tech",574,"Rice"
"530","9","Oct 31 2015","","Sat","Louisiana-Monroe","0",NA,"Louisiana-Lafayette","0","","",498,"Louisiana-Monroe",671,"Louisiana-Lafayette"
"531","9","Oct 31 2015","","Sat","Marshall","0",NA,"UNC Charlotte","0","","",388,"Marshall",NA,NA
"532","9","Oct 31 2015","","Sat","Maryland","0",NA,"Iowa","0","","",392,"Maryland",312,"Iowa"
"533","9","Oct 31 2015","","Sat","Massachusetts","0",NA,"Ball State","0","","",400,"Massachusetts",47,"Ball State"
"534","9","Oct 31 2015","","Sat","Miami (FL)","0",NA,"Duke","0","","",415,"Miami (Florida)",193,"Duke"
"535","9","Oct 31 2015","","Sat","Michigan","0",NA,"Minnesota","0","","",418,"Michigan",428,"Minnesota"
"536","9","Oct 31 2015","","Sat","Mississippi","0",NA,"Auburn","0","","",433,"Mississippi",37,"Auburn"
"537","9","Oct 31 2015","","Sat","Nebraska","0",NA,"Purdue","0","","",463,"Nebraska",559,"Purdue"
"538","9","Oct 31 2015","","Sat","Notre Dame","0",NA,"Temple","0","","",513,"Notre Dame",690,"Temple"
"539","9","Oct 31 2015","","Sat","Oklahoma","0",NA,"Kansas","0","","",522,"Oklahoma",328,"Kansas"
"540","9","Oct 31 2015","","Sat","Oklahoma State","0",NA,"Texas Tech","0","","",521,"Oklahoma State",700,"Texas Tech"
"541","9","Oct 31 2015","","Sat","Oregon State","0",NA,"Utah","0","","",528,"Oregon State",732,"Utah"
"542","9","Oct 31 2015","","Sat","Rutgers","0",NA,"Wisconsin","0","","",587,"Rutgers",796,"Wisconsin"
"543","9","Oct 31 2015","","Sat","San Diego State","0",NA,"Colorado State","0","","",626,"San Diego State",156,"Colorado State"
"544","9","Oct 31 2015","","Sat","South Carolina","0",NA,"Texas A&M","0","","",648,"South Carolina",697,"Texas A&M"
"545","9","Oct 31 2015","","Sat","South Florida","0",NA,"Navy","0","","",651,"South Florida",726,"Navy"
"546","9","Oct 31 2015","","Sat","Southern California","0",NA,"California","0","","",657,"USC",107,"California"
"547","9","Oct 31 2015","","Sat","Stanford","0",NA,"Washington State","0","","",674,"Stanford",754,"Washington State"
"548","9","Oct 31 2015","","Sat","Syracuse","0",NA,"Florida State","0","","",688,"Syracuse",234,"Florida State"
"549","9","Oct 31 2015","","Sat","Tennessee","0",NA,"Kentucky","0","","",694,"Tennessee",334,"Kentucky"
"550","9","Oct 31 2015","","Sat","Tennessee-Martin","0",NA,"Arkansas","0","","",695,"Tennessee-Martin",31,"Arkansas"
"551","9","Oct 31 2015","","Sat","Texas","0",NA,"Iowa State","0","","",703,"Texas",311,"Iowa State"
"552","9","Oct 31 2015","","Sat","Texas-El Paso","0",NA,"Southern Mississippi","0","","",704,"UTEP",664,"Southern Mississippi"
"553","9","Oct 31 2015","","Sat","Texas-San Antonio","0",NA,"North Texas","0","","",706,"UTSA",497,"North Texas"
"554","9","Oct 31 2015","","Sat","Troy","0",NA,"Appalachian State","0","","",716,"Troy",27,"Appalachian State"
"555","9","Oct 31 2015","","Sat","Tulane","0",NA,"Memphis","0","","",718,"Tulane",404,"Memphis"
"556","9","Oct 31 2015","","Sat","Tulsa","0",NA,"Southern Methodist","0","","",719,"Tulsa",663,"SMU"
"557","9","Oct 31 2015","","Sat","Vanderbilt","0",NA,"Houston","0","","",736,"Vanderbilt",288,"Houston"
"558","9","Oct 31 2015","","Sat","Virginia Tech","0",NA,"Boston College","0","","",742,"Virginia Tech",67,"Boston College"
"559","9","Oct 31 2015","","Sat","Western Kentucky","0",NA,"Old Dominion","0","","",772,"Western Kentucky",523,"Old Dominion"
"560","9","Oct 31 2015","","Sat","Wyoming","0",NA,"Utah State","0","","",811,"Wyoming",731,"Utah State"
"561","10","Nov 3 2015","","Tue","Northern Illinois","0",NA,"Toledo","0","","",503,"Northern Illinois",709,"Toledo"
"562","10","Nov 4 2015","","Wed","Ohio","0",NA,"Bowling Green State","0","","",519,"Ohio",71,"Bowling Green"
"563","10","Nov 5 2015","","Thu","Arkansas State","0",NA,"Appalachian State","0","","",30,"Arkansas State",27,"Appalachian State"
"564","10","Nov 5 2015","","Thu","Ball State","0",NA,"Western Michigan","0","","",47,"Ball State",774,"Western Michigan"
"565","10","Nov 5 2015","","Thu","Baylor","0",NA,"Kansas State","0","","",51,"Baylor",327,"Kansas State"
"566","10","Nov 5 2015","","Thu","Buffalo","0",NA,"Kent State","0","","",86,"Buffalo",331,"Kent State"
"567","10","Nov 5 2015","","Thu","Mississippi State","0",NA,"Missouri","0","","",430,"Mississippi State",434,"Missouri"
"568","10","Nov 6 2015","","Fri","Temple","0",NA,"Southern Methodist","0","","",690,"Temple",663,"SMU"
"569","10","Nov 7 2015","","Sat","Akron","0",NA,"Massachusetts","0","","",5,"Akron",400,"Massachusetts"
"570","10","Nov 7 2015","","Sat","Arizona","0",NA,"Southern California","0","","",29,"Arizona",657,"USC"
"571","10","Nov 7 2015","","Sat","Arizona State","0",NA,"Washington State","0","","",28,"Arizona State",754,"Washington State"
"572","10","Nov 7 2015","","Sat","Arkansas","0",NA,"Mississippi","0","","",31,"Arkansas",433,"Mississippi"
"573","10","Nov 7 2015","","Sat","Army","0",NA,"Air Force","0","","",725,"Army",721,"Air Force"
"574","10","Nov 7 2015","","Sat","Auburn","0",NA,"Texas A&M","0","","",37,"Auburn",697,"Texas A&M"
"575","10","Nov 7 2015","","Sat","Brigham Young","0",NA,"San Jose State","0","","",77,"BYU",630,"San Jose State"
"576","10","Nov 7 2015","","Sat","California","0",NA,"Oregon","0","","",107,"California",529,"Oregon"
"577","10","Nov 7 2015","","Sat","Central Florida","0",NA,"Tulsa","0","","",128,"UCF",719,"Tulsa"
"578","10","Nov 7 2015","","Sat","Cincinnati","0",NA,"Houston","0","","",140,"Cincinnati",288,"Houston"
"579","10","Nov 7 2015","","Sat","Colorado State","0",NA,"Wyoming","0","","",156,"Colorado State",811,"Wyoming"
"580","10","Nov 7 2015","","Sat","Connecticut","0",NA,"Tulane","0","","",164,"Connecticut",718,"Tulane"
"581","10","Nov 7 2015","","Sat","Duke","0",NA,"North Carolina","0","","",193,"Duke",457,"North Carolina"
"582","10","Nov 7 2015","","Sat","Eastern Michigan","0",NA,"Miami (OH)","0","","",204,"Eastern Michigan",414,"Miami (Ohio)"
"583","10","Nov 7 2015","","Sat","Florida Atlantic","0",NA,"Western Kentucky","0","","",229,"Florida Atlantic",772,"Western Kentucky"
"584","10","Nov 7 2015","","Sat","Florida State","0",NA,"Clemson","0","","",234,"Florida State",147,"Clemson"
"585","10","Nov 7 2015","","Sat","Hawaii","0",NA,"Nevada-Las Vegas","0","","",277,"Hawai'i",465,"UNLV"
"586","10","Nov 7 2015","","Sat","Idaho","0",NA,"South Alabama","0","","",295,"Idaho",646,"South Alabama"
"587","10","Nov 7 2015","","Sat","Illinois","0",NA,"Purdue","0","","",301,"Illinois",559,"Purdue"
"588","10","Nov 7 2015","","Sat","Iowa","0",NA,"Indiana","0","","",312,"Iowa",306,"Indiana"
"589","10","Nov 7 2015","","Sat","Iowa State","0",NA,"Oklahoma","0","","",311,"Iowa State",522,"Oklahoma"
"590","10","Nov 7 2015","","Sat","Kansas","0",NA,"Texas","0","","",328,"Kansas",703,"Texas"
"591","10","Nov 7 2015","","Sat","Kentucky","0",NA,"Georgia","0","","",334,"Kentucky",257,"Georgia"
"592","10","Nov 7 2015","","Sat","Louisiana State","0",NA,"Alabama","0","","",365,"LSU",8,"Alabama"
"593","10","Nov 7 2015","","Sat","Louisiana-Lafayette","0",NA,"Georgia State","0","","",671,"Louisiana-Lafayette",254,"Georgia State"
"594","10","Nov 7 2015","","Sat","Louisiana-Monroe","0",NA,"Troy","0","","",498,"Louisiana-Monroe",716,"Troy"
"595","10","Nov 7 2015","","Sat","Marshall","0",NA,"Middle Tennessee State","0","","",388,"Marshall",419,"Middle Tennessee"
"596","10","Nov 7 2015","","Sat","Michigan State","0",NA,"Nebraska","0","","",416,"Michigan State",463,"Nebraska"
"597","10","Nov 7 2015","","Sat","Minnesota","0",NA,"Ohio State","0","","",428,"Minnesota",518,"Ohio State"
"598","10","Nov 7 2015","","Sat","Navy","0",NA,"Memphis","0","","",726,"Navy",404,"Memphis"
"599","10","Nov 7 2015","","Sat","Nevada","0",NA,"Fresno State","0","","",466,"Nevada",96,"Fresno State"
"600","10","Nov 7 2015","","Sat","New Mexico State","0",NA,"Texas State","0","","",472,"New Mexico State",670,"Texas State"
"601","10","Nov 7 2015","","Sat","North Carolina State","0",NA,"Boston College","0","","",490,"North Carolina State",67,"Boston College"
"602","10","Nov 7 2015","","Sat","North Texas","0",NA,"Louisiana Tech","0","","",497,"North Texas",366,"Louisiana Tech"
"603","10","Nov 7 2015","","Sat","Notre Dame","0",NA,"Pittsburgh","0","","",513,"Notre Dame",545,"Pittsburgh"
"604","10","Nov 7 2015","","Sat","Old Dominion","0",NA,"Texas-San Antonio","0","","",523,"Old Dominion",706,"UTSA"
"605","10","Nov 7 2015","","Sat","Penn State","0",NA,"Northwestern","0","","",539,"Penn State",509,"Northwestern"
"606","10","Nov 7 2015","","Sat","Rice","0",NA,"Texas-El Paso","0","","",574,"Rice",704,"UTEP"
"607","10","Nov 7 2015","","Sat","Rutgers","0",NA,"Michigan","0","","",587,"Rutgers",418,"Michigan"
"608","10","Nov 7 2015","","Sat","South Carolina","0",NA,"Tennessee","0","","",648,"South Carolina",694,"Tennessee"
"609","10","Nov 7 2015","","Sat","South Florida","0",NA,"East Carolina","0","","",651,"South Florida",196,"East Carolina"
"610","10","Nov 7 2015","","Sat","Stanford","0",NA,"Colorado","0","","",674,"Stanford",157,"Colorado"
"611","10","Nov 7 2015","","Sat","Syracuse","0",NA,"Louisville","0","","",688,"Syracuse",367,"Louisville"
"612","10","Nov 7 2015","","Sat","Texas Christian","0",NA,"Oklahoma State","0","","",698,"TCU",521,"Oklahoma State"
"613","10","Nov 7 2015","","Sat","Texas Tech","0",NA,"West Virginia","0","","",700,"Texas Tech",768,"West Virginia"
"614","10","Nov 7 2015","","Sat","UCLA","0",NA,"Oregon State","0","","",110,"UCLA",528,"Oregon State"
"615","10","Nov 7 2015","","Sat","UNC Charlotte","0",NA,"Florida International","0","","",NA,NA,231,"Florida International"
"616","10","Nov 7 2015","","Sat","Utah","0",NA,"Washington","0","","",732,"Utah",756,"Washington"
"617","10","Nov 7 2015","","Sat","Utah State","0",NA,"New Mexico","0","","",731,"Utah State",473,"New Mexico"
"618","10","Nov 7 2015","","Sat","Vanderbilt","0",NA,"Florida","0","","",736,"Vanderbilt",235,"Florida"
"619","10","Nov 7 2015","","Sat","Virginia","0",NA,"Miami (FL)","0","","",746,"Virginia",415,"Miami (Florida)"
"620","10","Nov 7 2015","","Sat","Wisconsin","0",NA,"Maryland","0","","",796,"Wisconsin",392,"Maryland"
"621","11","Nov 10 2015","","Tue","Kent State","0",NA,"Ohio","0","","",331,"Kent State",519,"Ohio"
"622","11","Nov 10 2015","","Tue","Toledo","0",NA,"Central Michigan","0","","",709,"Toledo",129,"Central Michigan"
"623","11","Nov 11 2015","","Wed","Bowling Green State","0",NA,"Western Michigan","0","","",71,"Bowling Green",774,"Western Michigan"
"624","11","Nov 11 2015","","Wed","Northern Illinois","0",NA,"Buffalo","0","","",503,"Northern Illinois",86,"Buffalo"
"625","11","Nov 12 2015","","Thu","Louisiana-Lafayette","0",NA,"South Alabama","0","","",671,"Louisiana-Lafayette",646,"South Alabama"
"626","11","Nov 12 2015","","Thu","Virginia Tech","0",NA,"Georgia Tech","0","","",742,"Virginia Tech",255,"Georgia Tech"
"627","11","Nov 13 2015","","Fri","Southern California","0",NA,"Colorado","0","","",657,"USC",157,"Colorado"
"628","11","Nov 14 2015","","Sat","Akron","0",NA,"Miami (OH)","0","","",5,"Akron",414,"Miami (Ohio)"
"629","11","Nov 14 2015","","Sat","Alabama","0",NA,"Mississippi State","0","","",8,"Alabama",430,"Mississippi State"
"630","11","Nov 14 2015","","Sat","Appalachian State","0",NA,"Idaho","0","","",27,"Appalachian State",295,"Idaho"
"631","11","Nov 14 2015","","Sat","Arkansas","0",NA,"Louisiana State","0","","",31,"Arkansas",365,"LSU"
"632","11","Nov 14 2015","","Sat","Arkansas State","0",NA,"Louisiana-Monroe","0","","",30,"Arkansas State",498,"Louisiana-Monroe"
"633","11","Nov 14 2015","","Sat","Brigham Young","0",NA,"Missouri","0","","",77,"BYU",434,"Missouri"
"634","11","Nov 14 2015","","Sat","Clemson","0",NA,"Syracuse","0","","",147,"Clemson",688,"Syracuse"
"635","11","Nov 14 2015","","Sat","Florida","0",NA,"South Carolina","0","","",235,"Florida",648,"South Carolina"
"636","11","Nov 14 2015","","Sat","Florida International","0",NA,"Marshall","0","","",231,"Florida International",388,"Marshall"
"637","11","Nov 14 2015","","Sat","Fresno State","0",NA,"Hawaii","0","","",96,"Fresno State",277,"Hawai'i"
"638","11","Nov 14 2015","","Sat","Georgia","0",NA,"Auburn","0","","",257,"Georgia",37,"Auburn"
"639","11","Nov 14 2015","","Sat","Georgia Southern","0",NA,"Troy","0","","",253,"Georgia Southern",716,"Troy"
"640","11","Nov 14 2015","","Sat","Georgia State","0",NA,"Texas State","0","","",254,"Georgia State",670,"Texas State"
"641","11","Nov 14 2015","","Sat","Kansas","0",NA,"Texas Christian","0","","",328,"Kansas",698,"TCU"
"642","11","Nov 14 2015","","Sat","Kansas State","0",NA,"Texas Tech","0","","",327,"Kansas State",700,"Texas Tech"
"643","11","Nov 14 2015","","Sat","Kentucky","0",NA,"Vanderbilt","0","","",334,"Kentucky",736,"Vanderbilt"
"644","11","Nov 14 2015","","Sat","Maryland","0",NA,"Michigan State","0","","",392,"Maryland",416,"Michigan State"
"645","11","Nov 14 2015","","Sat","Massachusetts","0",NA,"Eastern Michigan","0","","",400,"Massachusetts",204,"Eastern Michigan"
"646","11","Nov 14 2015","","Sat","Memphis","0",NA,"Houston","0","","",404,"Memphis",288,"Houston"
"647","11","Nov 14 2015","","Sat","Miami (FL)","0",NA,"North Carolina","0","","",415,"Miami (Florida)",457,"North Carolina"
"648","11","Nov 14 2015","","Sat","Michigan","0",NA,"Indiana","0","","",418,"Michigan",306,"Indiana"
"649","11","Nov 14 2015","","Sat","Middle Tennessee State","0",NA,"Florida Atlantic","0","","",419,"Middle Tennessee",229,"Florida Atlantic"
"650","11","Nov 14 2015","","Sat","Minnesota","0",NA,"Iowa","0","","",428,"Minnesota",312,"Iowa"
"651","11","Nov 14 2015","","Sat","Nebraska","0",NA,"Rutgers","0","","",463,"Nebraska",587,"Rutgers"
"652","11","Nov 14 2015","","Sat","Nevada-Las Vegas","0",NA,"Colorado State","0","","",465,"UNLV",156,"Colorado State"
"653","11","Nov 14 2015","","Sat","New Mexico","0",NA,"Boise State","0","","",473,"New Mexico",66,"Boise State"
"654","11","Nov 14 2015","","Sat","North Carolina State","0",NA,"Florida State","0","","",490,"North Carolina State",234,"Florida State"
"655","11","Nov 14 2015","","Sat","North Texas","0",NA,"Tennessee","0","","",497,"North Texas",694,"Tennessee"
"656","11","Nov 14 2015","","Sat","Ohio State","0",NA,"Illinois","0","","",518,"Ohio State",301,"Illinois"
"657","11","Nov 14 2015","","Sat","Oklahoma","0",NA,"Baylor","0","","",522,"Oklahoma",51,"Baylor"
"658","11","Nov 14 2015","","Sat","Oklahoma State","0",NA,"Iowa State","0","","",521,"Oklahoma State",311,"Iowa State"
"659","11","Nov 14 2015","","Sat","Oregon","0",NA,"Stanford","0","","",529,"Oregon",674,"Stanford"
"660","11","Nov 14 2015","","Sat","Oregon State","0",NA,"California","0","","",528,"Oregon State",107,"California"
"661","11","Nov 14 2015","","Sat","Pittsburgh","0",NA,"Duke","0","","",545,"Pittsburgh",193,"Duke"
"662","11","Nov 14 2015","","Sat","Purdue","0",NA,"Northwestern","0","","",559,"Purdue",509,"Northwestern"
"663","11","Nov 14 2015","","Sat","San Jose State","0",NA,"Nevada","0","","",630,"San Jose State",466,"Nevada"
"664","11","Nov 14 2015","","Sat","Southern Methodist","0",NA,"Navy","0","","",663,"SMU",726,"Navy"
"665","11","Nov 14 2015","","Sat","Southern Mississippi","0",NA,"Rice","0","","",664,"Southern Mississippi",574,"Rice"
"666","11","Nov 14 2015","","Sat","Temple","0",NA,"South Florida","0","","",690,"Temple",651,"South Florida"
"667","11","Nov 14 2015","","Sat","Texas","0",NA,"West Virginia","0","","",703,"Texas",768,"West Virginia"
"668","11","Nov 14 2015","","Sat","Texas-El Paso","0",NA,"Old Dominion","0","","",704,"UTEP",523,"Old Dominion"
"669","11","Nov 14 2015","","Sat","Texas-San Antonio","0",NA,"UNC Charlotte","0","","",706,"UTSA",NA,NA
"670","11","Nov 14 2015","","Sat","Tulane","0",NA,"Army","0","","",718,"Tulane",725,"Army"
"671","11","Nov 14 2015","","Sat","Tulsa","0",NA,"Cincinnati","0","","",719,"Tulsa",140,"Cincinnati"
"672","11","Nov 14 2015","","Sat","Utah","0",NA,"Arizona","0","","",732,"Utah",29,"Arizona"
"673","11","Nov 14 2015","","Sat","Utah State","0",NA,"Air Force","0","","",731,"Utah State",721,"Air Force"
"674","11","Nov 14 2015","","Sat","Virginia","0",NA,"Louisville","0","","",746,"Virginia",367,"Louisville"
"675","11","Nov 14 2015","","Sat","Wake Forest","0",NA,"Notre Dame","0","","",749,"Wake Forest",513,"Notre Dame"
"676","11","Nov 14 2015","","Sat","Washington","0",NA,"Arizona State","0","","",756,"Washington",28,"Arizona State"
"677","11","Nov 14 2015","","Sat","Washington State","0",NA,"UCLA","0","","",754,"Washington State",110,"UCLA"
"678","11","Nov 14 2015","","Sat","Western Carolina","0",NA,"Texas A&M","0","","",769,"Western Carolina",697,"Texas A&M"
"679","11","Nov 14 2015","","Sat","Wyoming","0",NA,"San Diego State","0","","",811,"Wyoming",626,"San Diego State"
"680","12","Nov 17 2015","","Tue","Ball State","0",NA,"Ohio","0","","",47,"Ball State",519,"Ohio"
"681","12","Nov 17 2015","","Tue","Toledo","0",NA,"Bowling Green State","0","","",709,"Toledo",71,"Bowling Green"
"682","12","Nov 18 2015","","Wed","Central Michigan","0",NA,"Kent State","0","","",129,"Central Michigan",331,"Kent State"
"683","12","Nov 18 2015","","Wed","Western Michigan","0",NA,"Northern Illinois","0","","",774,"Western Michigan",503,"Northern Illinois"
"684","12","Nov 19 2015","","Thu","East Carolina","0",NA,"Central Florida","0","","",196,"East Carolina",128,"UCF"
"685","12","Nov 19 2015","","Thu","Louisiana-Monroe","0",NA,"Texas State","0","","",498,"Louisiana-Monroe",670,"Texas State"
"686","12","Nov 20 2015","","Fri","Cincinnati","0",NA,"South Florida","0","","",140,"Cincinnati",651,"South Florida"
"687","12","Nov 21 2015","","Sat","Air Force","0",NA,"Boise State","0","","",721,"Air Force",66,"Boise State"
"688","12","Nov 21 2015","","Sat","Arizona","0",NA,"Arizona State","0","","",29,"Arizona",28,"Arizona State"
"689","12","Nov 21 2015","","Sat","Baylor","0",NA,"Oklahoma State","0","","",51,"Baylor",521,"Oklahoma State"
"690","12","Nov 21 2015","","Sat","Buffalo","0",NA,"Akron","0","","",86,"Buffalo",5,"Akron"
"691","12","Nov 21 2015","","Sat","California","0",NA,"Stanford","0","","",107,"California",674,"Stanford"
"692","12","Nov 21 2015","","Sat","Charleston Southern","0",NA,"Alabama","0","","",48,"Charleston So.",8,"Alabama"
"693","12","Nov 21 2015","","Sat","Chattanooga","0",NA,"Florida State","0","","",693,"Chattanooga",234,"Florida State"
"694","12","Nov 21 2015","","Sat","Citadel","0",NA,"South Carolina","0","","",141,"Citadel",648,"South Carolina"
"695","12","Nov 21 2015","","Sat","Colorado","0",NA,"Washington State","0","","",157,"Colorado",754,"Washington State"
"696","12","Nov 21 2015","","Sat","Colorado State","0",NA,"New Mexico","0","","",156,"Colorado State",473,"New Mexico"
"697","12","Nov 21 2015","","Sat","Duke","0",NA,"Virginia","0","","",193,"Duke",746,"Virginia"
"698","12","Nov 21 2015","","Sat","Florida Atlantic","0",NA,"Florida","0","","",229,"Florida Atlantic",235,"Florida"
"699","12","Nov 21 2015","","Sat","Fresno State","0",NA,"Brigham Young","0","","",96,"Fresno State",77,"BYU"
"700","12","Nov 21 2015","","Sat","Georgia Southern","0",NA,"Georgia","0","","",253,"Georgia Southern",257,"Georgia"
"701","12","Nov 21 2015","","Sat","Georgia Tech","0",NA,"Miami (FL)","0","","",255,"Georgia Tech",415,"Miami (Florida)"
"702","12","Nov 21 2015","","Sat","Houston","0",NA,"Connecticut","0","","",288,"Houston",164,"Connecticut"
"703","12","Nov 21 2015","","Sat","Idaho","0",NA,"Auburn","0","","",295,"Idaho",37,"Auburn"
"704","12","Nov 21 2015","","Sat","Illinois","0",NA,"Minnesota","0","","",301,"Illinois",428,"Minnesota"
"705","12","Nov 21 2015","","Sat","Indiana","0",NA,"Maryland","0","","",306,"Indiana",392,"Maryland"
"706","12","Nov 21 2015","","Sat","Iowa State","0",NA,"Kansas State","0","","",311,"Iowa State",327,"Kansas State"
"707","12","Nov 21 2015","","Sat","Louisiana State","0",NA,"Mississippi","0","","",365,"LSU",433,"Mississippi"
"708","12","Nov 21 2015","","Sat","Louisiana Tech","0",NA,"Texas-El Paso","0","","",366,"Louisiana Tech",704,"UTEP"
"709","12","Nov 21 2015","","Sat","Louisville","0",NA,"Pittsburgh","0","","",367,"Louisville",545,"Pittsburgh"
"710","12","Nov 21 2015","","Sat","Memphis","0",NA,"Temple","0","","",404,"Memphis",690,"Temple"
"711","12","Nov 21 2015","","Sat","Miami (OH)","0",NA,"Massachusetts","0","","",414,"Miami (Ohio)",400,"Massachusetts"
"712","12","Nov 21 2015","","Sat","Michigan","0",NA,"Penn State","0","","",418,"Michigan",539,"Penn State"
"713","12","Nov 21 2015","","Sat","Michigan State","0",NA,"Ohio State","0","","",416,"Michigan State",518,"Ohio State"
"714","12","Nov 21 2015","","Sat","Mississippi State","0",NA,"Arkansas","0","","",430,"Mississippi State",31,"Arkansas"
"715","12","Nov 21 2015","","Sat","Navy","0",NA,"Tulsa","0","","",726,"Navy",719,"Tulsa"
"716","12","Nov 21 2015","","Sat","Nevada","0",NA,"Utah State","0","","",466,"Nevada",731,"Utah State"
"717","12","Nov 21 2015","","Sat","New Mexico State","0",NA,"Louisiana-Lafayette","0","","",472,"New Mexico State",671,"Louisiana-Lafayette"
"718","12","Nov 21 2015","","Sat","North Carolina","0",NA,"Virginia Tech","0","","",457,"North Carolina",742,"Virginia Tech"
"719","12","Nov 21 2015","","Sat","North Texas","0",NA,"Middle Tennessee State","0","","",497,"North Texas",419,"Middle Tennessee"
"720","12","Nov 21 2015","","Sat","Northwestern","0",NA,"Wisconsin","0","","",509,"Northwestern",796,"Wisconsin"
"721","12","Nov 21 2015","","Sat","Notre Dame","0",NA,"Boston College","0","","",513,"Notre Dame",67,"Boston College"
"722","12","Nov 21 2015","","Sat","Old Dominion","0",NA,"Southern Mississippi","0","","",523,"Old Dominion",664,"Southern Mississippi"
"723","12","Nov 21 2015","","Sat","Purdue","0",NA,"Iowa","0","","",559,"Purdue",312,"Iowa"
"724","12","Nov 21 2015","","Sat","Rice","0",NA,"Texas-San Antonio","0","","",574,"Rice",706,"UTSA"
"725","12","Nov 21 2015","","Sat","Rutgers","0",NA,"Army","0","","",587,"Rutgers",725,"Army"
"726","12","Nov 21 2015","","Sat","San Diego State","0",NA,"Nevada-Las Vegas","0","","",626,"San Diego State",465,"UNLV"
"727","12","Nov 21 2015","","Sat","San Jose State","0",NA,"Hawaii","0","","",630,"San Jose State",277,"Hawai'i"
"728","12","Nov 21 2015","","Sat","South Alabama","0",NA,"Georgia State","0","","",646,"South Alabama",254,"Georgia State"
"729","12","Nov 21 2015","","Sat","Southern California","0",NA,"Oregon","0","","",657,"USC",529,"Oregon"
"730","12","Nov 21 2015","","Sat","Syracuse","0",NA,"North Carolina State","0","","",688,"Syracuse",490,"North Carolina State"
"731","12","Nov 21 2015","","Sat","Tennessee","0",NA,"Missouri","0","","",694,"Tennessee",434,"Missouri"
"732","12","Nov 21 2015","","Sat","Texas A&M","0",NA,"Vanderbilt","0","","",697,"Texas A&M",736,"Vanderbilt"
"733","12","Nov 21 2015","","Sat","Texas Christian","0",NA,"Oklahoma","0","","",698,"TCU",522,"Oklahoma"
"734","12","Nov 21 2015","","Sat","Tulane","0",NA,"Southern Methodist","0","","",718,"Tulane",663,"SMU"
"735","12","Nov 21 2015","","Sat","UCLA","0",NA,"Utah","0","","",110,"UCLA",732,"Utah"
"736","12","Nov 21 2015","","Sat","UNC Charlotte","0",NA,"Kentucky","0","","",NA,NA,334,"Kentucky"
"737","12","Nov 21 2015","","Sat","Wake Forest","0",NA,"Clemson","0","","",749,"Wake Forest",147,"Clemson"
"738","12","Nov 21 2015","","Sat","Washington","0",NA,"Oregon State","0","","",756,"Washington",528,"Oregon State"
"739","12","Nov 21 2015","","Sat","West Virginia","0",NA,"Kansas","0","","",768,"West Virginia",328,"Kansas"
"740","12","Nov 21 2015","","Sat","Western Kentucky","0",NA,"Florida International","0","","",772,"Western Kentucky",231,"Florida International"
"741","13","Nov 24 2015","","Tue","Bowling Green State","0",NA,"Ball State","0","","",71,"Bowling Green",47,"Ball State"
"742","13","Nov 24 2015","","Tue","Ohio","0",NA,"Northern Illinois","0","","",519,"Ohio",503,"Northern Illinois"
"743","13","Nov 26 2015","","Thu","Texas Tech","0",NA,"Texas","0","","",700,"Texas Tech",703,"Texas"
"744","13","Nov 27 2015","","Fri","Baylor","0",NA,"Texas Christian","0","","",51,"Baylor",698,"TCU"
"745","13","Nov 27 2015","","Fri","Eastern Michigan","0",NA,"Central Michigan","0","","",204,"Eastern Michigan",129,"Central Michigan"
"746","13","Nov 27 2015","","Fri","Iowa","0",NA,"Nebraska","0","","",312,"Iowa",463,"Nebraska"
"747","13","Nov 27 2015","","Fri","Kent State","0",NA,"Akron","0","","",331,"Kent State",5,"Akron"
"748","13","Nov 27 2015","","Fri","Massachusetts","0",NA,"Buffalo","0","","",400,"Massachusetts",86,"Buffalo"
"749","13","Nov 27 2015","","Fri","Oregon State","0",NA,"Oregon","0","","",528,"Oregon State",529,"Oregon"
"750","13","Nov 27 2015","","Fri","South Florida","0",NA,"Central Florida","0","","",651,"South Florida",128,"UCF"
"751","13","Nov 27 2015","","Fri","Washington State","0",NA,"Washington","0","","",754,"Washington State",756,"Washington"
"752","13","Nov 28 2015","","Sat","Air Force","0",NA,"New Mexico","0","","",721,"Air Force",473,"New Mexico"
"753","13","Nov 28 2015","","Sat","Alabama","0",NA,"Auburn","0","","",8,"Alabama",37,"Auburn"
"754","13","Nov 28 2015","","Sat","Arizona State","0",NA,"California","0","","",28,"Arizona State",107,"California"
"755","13","Nov 28 2015","","Sat","Arkansas State","0",NA,"New Mexico State","0","","",30,"Arkansas State",472,"New Mexico State"
"756","13","Nov 28 2015","","Sat","Boise State","0",NA,"San Jose State","0","","",66,"Boise State",630,"San Jose State"
"757","13","Nov 28 2015","","Sat","Boston College","0",NA,"Syracuse","0","","",67,"Boston College",688,"Syracuse"
"758","13","Nov 28 2015","","Sat","Brigham Young","0",NA,"Utah State","0","","",77,"BYU",731,"Utah State"
"759","13","Nov 28 2015","","Sat","Cincinnati","0",NA,"East Carolina","0","","",140,"Cincinnati",196,"East Carolina"
"760","13","Nov 28 2015","","Sat","Clemson","0",NA,"South Carolina","0","","",147,"Clemson",648,"South Carolina"
"761","13","Nov 28 2015","","Sat","Colorado","0",NA,"Utah","0","","",157,"Colorado",732,"Utah"
"762","13","Nov 28 2015","","Sat","Colorado State","0",NA,"Fresno State","0","","",156,"Colorado State",96,"Fresno State"
"763","13","Nov 28 2015","","Sat","Connecticut","0",NA,"Temple","0","","",164,"Connecticut",690,"Temple"
"764","13","Nov 28 2015","","Sat","Duke","0",NA,"Wake Forest","0","","",193,"Duke",749,"Wake Forest"
"765","13","Nov 28 2015","","Sat","Florida Atlantic","0",NA,"Old Dominion","0","","",229,"Florida Atlantic",523,"Old Dominion"
"766","13","Nov 28 2015","","Sat","Florida State","0",NA,"Florida","0","","",234,"Florida State",235,"Florida"
"767","13","Nov 28 2015","","Sat","Georgia","0",NA,"Georgia Tech","0","","",257,"Georgia",255,"Georgia Tech"
"768","13","Nov 28 2015","","Sat","Indiana","0",NA,"Purdue","0","","",306,"Indiana",559,"Purdue"
"769","13","Nov 28 2015","","Sat","Iowa State","0",NA,"West Virginia","0","","",311,"Iowa State",768,"West Virginia"
"770","13","Nov 28 2015","","Sat","Kansas State","0",NA,"Kansas","0","","",327,"Kansas State",328,"Kansas"
"771","13","Nov 28 2015","","Sat","Louisiana-Lafayette","0",NA,"Appalachian State","0","","",671,"Louisiana-Lafayette",27,"Appalachian State"
"772","13","Nov 28 2015","","Sat","Louisiana-Monroe","0",NA,"Hawaii","0","","",498,"Louisiana-Monroe",277,"Hawai'i"
"773","13","Nov 28 2015","","Sat","Louisville","0",NA,"Kentucky","0","","",367,"Louisville",334,"Kentucky"
"774","13","Nov 28 2015","","Sat","Marshall","0",NA,"Western Kentucky","0","","",388,"Marshall",772,"Western Kentucky"
"775","13","Nov 28 2015","","Sat","Maryland","0",NA,"Rutgers","0","","",392,"Maryland",587,"Rutgers"
"776","13","Nov 28 2015","","Sat","Miami (FL)","0",NA,"Pittsburgh","0","","",415,"Miami (Florida)",545,"Pittsburgh"
"777","13","Nov 28 2015","","Sat","Middle Tennessee State","0",NA,"Texas-San Antonio","0","","",419,"Middle Tennessee",706,"UTSA"
"778","13","Nov 28 2015","","Sat","Mississippi","0",NA,"Mississippi State","0","","",433,"Mississippi",430,"Mississippi State"
"779","13","Nov 28 2015","","Sat","Missouri","0",NA,"Arkansas","0","","",434,"Missouri",31,"Arkansas"
"780","13","Nov 28 2015","","Sat","Navy","0",NA,"Houston","0","","",726,"Navy",288,"Houston"
"781","13","Nov 28 2015","","Sat","Nevada","0",NA,"San Diego State","0","","",466,"Nevada",626,"San Diego State"
"782","13","Nov 28 2015","","Sat","Nevada-Las Vegas","0",NA,"Wyoming","0","","",465,"UNLV",811,"Wyoming"
"783","13","Nov 28 2015","","Sat","North Carolina","0",NA,"North Carolina State","0","","",457,"North Carolina",490,"North Carolina State"
"784","13","Nov 28 2015","","Sat","Northwestern","0",NA,"Illinois","0","","",509,"Northwestern",301,"Illinois"
"785","13","Nov 28 2015","","Sat","Notre Dame","0",NA,"Stanford","0","","",513,"Notre Dame",674,"Stanford"
"786","13","Nov 28 2015","","Sat","Ohio State","0",NA,"Michigan","0","","",518,"Ohio State",418,"Michigan"
"787","13","Nov 28 2015","","Sat","Oklahoma","0",NA,"Oklahoma State","0","","",522,"Oklahoma",521,"Oklahoma State"
"788","13","Nov 28 2015","","Sat","Penn State","0",NA,"Michigan State","0","","",539,"Penn State",416,"Michigan State"
"789","13","Nov 28 2015","","Sat","South Alabama","0",NA,"Georgia Southern","0","","",646,"South Alabama",253,"Georgia Southern"
"790","13","Nov 28 2015","","Sat","Southern Methodist","0",NA,"Memphis","0","","",663,"SMU",404,"Memphis"
"791","13","Nov 28 2015","","Sat","Southern Mississippi","0",NA,"Louisiana Tech","0","","",664,"Southern Mississippi",366,"Louisiana Tech"
"792","13","Nov 28 2015","","Sat","Texas A&M","0",NA,"Louisiana State","0","","",697,"Texas A&M",365,"LSU"
"793","13","Nov 28 2015","","Sat","Texas State","0",NA,"Idaho","0","","",670,"Texas State",295,"Idaho"
"794","13","Nov 28 2015","","Sat","Texas-El Paso","0",NA,"North Texas","0","","",704,"UTEP",497,"North Texas"
"795","13","Nov 28 2015","","Sat","Troy","0",NA,"Georgia State","0","","",716,"Troy",254,"Georgia State"
"796","13","Nov 28 2015","","Sat","Tulsa","0",NA,"Tulane","0","","",719,"Tulsa",718,"Tulane"
"797","13","Nov 28 2015","","Sat","UCLA","0",NA,"Southern California","0","","",110,"UCLA",657,"USC"
"798","13","Nov 28 2015","","Sat","UNC Charlotte","0",NA,"Rice","0","","",NA,NA,574,"Rice"
"799","13","Nov 28 2015","","Sat","Vanderbilt","0",NA,"Tennessee","0","","",736,"Vanderbilt",694,"Tennessee"
"800","13","Nov 28 2015","","Sat","Virginia Tech","0",NA,"Virginia","0","","",742,"Virginia Tech",746,"Virginia"
"801","13","Nov 28 2015","","Sat","Wisconsin","0",NA,"Minnesota","0","","",796,"Wisconsin",428,"Minnesota"
"802","14","Dec 5 2015","","Sat","Appalachian State","0",NA,"South Alabama","0","","",27,"Appalachian State",646,"South Alabama"
"803","14","Dec 5 2015","","Sat","Georgia State","0",NA,"Georgia Southern","0","","",254,"Georgia State",253,"Georgia Southern"
"804","14","Dec 5 2015","","Sat","New Mexico State","0",NA,"Louisiana-Monroe","0","","",472,"New Mexico State",498,"Louisiana-Monroe"
"805","14","Dec 5 2015","","Sat","Texas","0",NA,"Baylor","0","","",703,"Texas",51,"Baylor"
"806","14","Dec 5 2015","","Sat","Texas State","0",NA,"Arkansas State","0","","",670,"Texas State",30,"Arkansas State"
"807","14","Dec 5 2015","","Sat","Troy","0",NA,"Louisiana-Lafayette","0","","",716,"Troy",671,"Louisiana-Lafayette"
"808","14","Dec 5 2015","","Sat","West Virginia","0",NA,"Kansas State","0","","",768,"West Virginia",327,"Kansas State"
"809","15","Dec 12 2015","","Sat","Army","0",NA,"Navy","0","","",725,"Army",726,"Navy"
