"Game_Num","Week","Date","Time","Day","Home","Location","Away","Notes","Neutral"
"1","1","Sep 3, 2015","10:00 PM","Thu","(22) Arizona","","Texas-San Antonio","",0
"2","1","Sep 3, 2015","7:00 PM","Thu","Ball State","","Virginia Military Institute","",0
"3","1","Sep 3, 2015","7:30 PM","Thu","Connecticut","","Villanova","",0
"4","1","Sep 3, 2015","9:30 PM","Thu","Duke","@","Tulane","",0
"5","1","Sep 3, 2015","6:00 PM","Thu","Florida International","@","Central Florida","",0
"6","1","Sep 3, 2015","10:00 PM","Thu","Fresno State","","Abilene Christian","",0
"7","1","Sep 3, 2015","7:30 PM","Thu","(16) Georgia Tech","","Alcorn State","",0
"8","1","Sep 3, 2015","11:59 PM","Thu","Hawaii","","Colorado","",0
"9","1","Sep 3, 2015","10:00 PM","Thu","Nevada","","California-Davis","",0
"10","1","Sep 3, 2015","9:00 PM","Thu","Ohio","@","Idaho","",0
"11","1","Sep 3, 2015","7:00 PM","Thu","Oklahoma State","@","Central Michigan","",0
"12","1","Sep 3, 2015","10:00 PM","Thu","San Jose State","","New Hampshire","",0
"13","1","Sep 3, 2015","6:00 PM","Thu","South Carolina","","North Carolina","",0
"14","1","Sep 3, 2015","9:00 PM","Thu","(2) Texas Christian","@","Minnesota","",0
"15","1","Sep 3, 2015","8:30 PM","Thu","Utah","","Michigan","",0
"16","1","Sep 3, 2015","9:00 PM","Thu","Utah State","","Southern Utah","",0
"17","1","Sep 3, 2015","7:00 PM","Thu","Wake Forest","","Elon","",0
"18","1","Sep 3, 2015","8:00 PM","Thu","Western Kentucky","@","Vanderbilt","",0
"19","1","Sep 4, 2015","7:00 PM","Fri","(4) Baylor","@","Southern Methodist","",0
"20","1","Sep 4, 2015","10:15 PM","Fri","(23) Boise State","","Washington","",0
"21","1","Sep 4, 2015","3:30 PM","Fri","Charlotte","@","Georgia State","",0
"22","1","Sep 4, 2015","7:00 PM","Fri","Fordham","@","Army","",0
"23","1","Sep 4, 2015","9:00 PM","Fri","Kent State","@","Illinois","",0
"24","1","Sep 4, 2015","7:00 PM","Fri","(5) Michigan State","@","Western Michigan","",0
"25","1","Sep 4, 2015","8:00 PM","Fri","Oregon State","","Weber State","",0
"26","1","Sep 4, 2015","7:00 PM","Fri","Syracuse","","Rhode Island","",0
"27","1","Sep 5, 2015","3:30 PM","Sat","Air Force","","Morgan State","",0
"28","1","Sep 5, 2015","8:00 PM","Sat","(3) Alabama","","(20) Wisconsin","",0
"29","1","Sep 5, 2015","3:30 PM","Sat","Appalachian State","","Howard","",0
"30","1","Sep 5, 2015","3:30 PM","Sat","(18) Arkansas","","Texas-El Paso","",0
"31","1","Sep 5, 2015","3:30 PM","Sat","(6) Auburn","","Louisville","",0
"32","1","Sep 5, 2015","1:00 PM","Sat","Boston College","","Maine","",0
"33","1","Sep 5, 2015","3:30 PM","Sat","Brigham Young","@","Nebraska","",0
"34","1","Sep 5, 2015","3:30 PM","Sat","Buffalo","","Albany","",0
"35","1","Sep 5, 2015","5:00 PM","Sat","California","","Grambling State","",0
"36","1","Sep 5, 2015","7:00 PM","Sat","Cincinnati","","Alabama A&M","",0
"37","1","Sep 5, 2015","12:30 PM","Sat","(12) Clemson","","Wofford","",0
"38","1","Sep 5, 2015","4:00 PM","Sat","Colorado State","","Savannah State","",0
"39","1","Sep 5, 2015","6:00 PM","Sat","East Carolina","","Towson","",0
"40","1","Sep 5, 2015","7:30 PM","Sat","Florida","","New Mexico State","",0
"41","1","Sep 5, 2015","8:00 PM","Sat","(10) Florida State","","Texas State","",0
"42","1","Sep 5, 2015","12:00 PM","Sat","(9) Georgia","","Louisiana-Monroe","",0
"43","1","Sep 5, 2015","8:00 PM","Sat","Houston","","Tennessee Tech","",0
"44","1","Sep 5, 2015","2:00 PM","Sat","Illinois","","Kent State","",0
"45","1","Sep 5, 2015","4:00 PM","Sat","Indiana","","Southern Illinois","",0
"46","1","Sep 5, 2015","12:00 PM","Sat","Iowa","","Illinois State","",0
"47","1","Sep 5, 2015","8:00 PM","Sat","Iowa State","","Northern Iowa","",0
"48","1","Sep 5, 2015","7:10 PM","Sat","Kansas State","","South Dakota","",0
"49","1","Sep 5, 2015","7:00 PM","Sat","Kentucky","","Louisiana-Lafayette","",0
"50","1","Sep 5, 2015","7:00 PM","Sat","Louisiana Tech","","Southern","",0
"51","1","Sep 5, 2015","12:00 PM","Sat","Maryland","","Richmond","",0
"52","1","Sep 5, 2015","7:30 PM","Sat","McNeese State","@","(14) Louisiana State","",0
"53","1","Sep 5, 2015","7:00 PM","Sat","Memphis","","Missouri State","",0
"54","1","Sep 5, 2015","6:00 PM","Sat","Miami (FL)","","Bethune-Cookman","",0
"55","1","Sep 5, 2015","3:30 PM","Sat","Miami (OH)","","Presbyterian","",0
"56","1","Sep 5, 2015","7:00 PM","Sat","Middle Tennessee State","","Jackson State","",0
"57","1","Sep 5, 2015","12:00 PM","Sat","(17) Mississippi","","Tennessee-Martin","",0
"58","1","Sep 5, 2015","10:00 PM","Sat","Mississippi State","@","Southern Mississippi","",0
"59","1","Sep 5, 2015","4:00 PM","Sat","(24) Missouri","","Southeast Missouri State","",0
"60","1","Sep 5, 2015","12:00 PM","Sat","Navy","","Colgate","",0
"61","1","Sep 5, 2015","7:00 PM","Sat","New Mexico","","Mississippi Valley State","",0
"62","1","Sep 5, 2015","6:00 PM","Sat","North Carolina State","","Troy","",0
"63","1","Sep 5, 2015","4:00 PM","Sat","North Dakota","@","Wyoming","",0
"64","1","Sep 5, 2015","7:30 PM","Sat","Northern Illinois","","Nevada-Las Vegas","",0
"65","1","Sep 5, 2015","12:00 PM","Sat","Northwestern","","(21) Stanford","",0
"66","1","Sep 5, 2015","7:30 PM","Sat","(11) Notre Dame","","Texas","",0
"67","1","Sep 5, 2015","7:00 PM","Sat","(19) Oklahoma","","Akron","",0
"68","1","Sep 5, 2015","3:30 PM","Sat","Old Dominion","@","Eastern Michigan","",0
"69","1","Sep 5, 2015","8:00 PM","Sat","(7) Oregon","","Eastern Washington","",0
"70","1","Sep 5, 2015","1:00 PM","Sat","Pittsburgh","","Youngstown State","",0
"71","1","Sep 5, 2015","2:00 PM","Sat","Portland State","@","Washington State","",0
"72","1","Sep 5, 2015","3:30 PM","Sat","Rice","","Wagner","",0
"73","1","Sep 5, 2015","12:00 PM","Sat","Rutgers","","Norfolk State","",0
"74","1","Sep 5, 2015","8:00 PM","Sat","San Diego State","","San Diego","",0
"75","1","Sep 5, 2015","6:00 PM","Sat","South Alabama","","Gardner-Webb","",0
"76","1","Sep 5, 2015","12:00 PM","Sat","South Dakota State","@","Kansas","",0
"77","1","Sep 5, 2015","7:00 PM","Sat","South Florida","","Florida A&M","",0
"78","1","Sep 5, 2015","11:00 PM","Sat","(8) Southern California","","Arkansas State","",0
"79","1","Sep 5, 2015","3:30 PM","Sat","Temple","","Penn State","",0
"80","1","Sep 5, 2015","4:00 PM","Sat","(25) Tennessee","","Bowling Green State","",0
"81","1","Sep 5, 2015","7:00 PM","Sat","Texas A&M","","(15) Arizona State","",0
"82","1","Sep 5, 2015","3:30 PM","Sat","Texas Tech","","Sam Houston State","",0
"83","1","Sep 5, 2015","3:30 PM","Sat","Tulsa","","Florida Atlantic","",0
"84","1","Sep 5, 2015","3:30 PM","Sat","(13) UCLA","","Virginia","",0
"85","1","Sep 5, 2015","7:30 PM","Sat","West Virginia","","Georgia Southern","",0
"86","1","Sep 6, 2015","3:00 PM","Sun","Marshall","","Purdue","",0
"87","1","Sep 7, 2015","8:00 PM","Mon","(1) Ohio State","@","Virginia Tech","",0
"88","2","Sep 10, 2015","8:00 PM","Thu","Western Kentucky","","Louisiana Tech","",0
"89","2","Sep 11, 2015","8:00 PM","Fri","Miami (FL)","@","Florida Atlantic","",0
"90","2","Sep 11, 2015","9:00 PM","Fri","(24) Utah","","Utah State","",0
"91","2","Sep 12, 2015","10:15 PM","Sat","Air Force","","San Jose State","",0
"92","2","Sep 12, 2015","4:00 PM","Sat","(2) Alabama","","Middle Tennessee State","",0
"93","2","Sep 12, 2015","7:00 PM","Sat","(22) Arizona","@","Nevada","",0
"94","2","Sep 12, 2015","11:00 PM","Sat","Arizona State","","Cal Poly","",0
"95","2","Sep 12, 2015","12:00 PM","Sat","(6) Auburn","","Jacksonville State","",0
"96","2","Sep 12, 2015","7:30 PM","Sat","(4) Baylor","","Lamar","",0
"97","2","Sep 12, 2015","1:00 PM","Sat","Boston College","","Howard","",0
"98","2","Sep 12, 2015","12:00 PM","Sat","Bowling Green State","@","Maryland","",0
"99","2","Sep 12, 2015","10:15 PM","Sat","Brigham Young","","(20) Boise State","",0
"100","2","Sep 12, 2015","5:00 PM","Sat","California","","San Diego State","",0
"101","2","Sep 12, 2015","3:00 PM","Sat","Central Michigan","","Monmouth","",0
"102","2","Sep 12, 2015","12:00 PM","Sat","Charlotte","","Presbyterian","",0
"103","2","Sep 12, 2015","12:30 PM","Sat","(12) Clemson","","Appalachian State","",0
"104","2","Sep 12, 2015","2:00 PM","Sat","Colorado","","Massachusetts","",0
"105","2","Sep 12, 2015","12:00 PM","Sat","Connecticut","","Army","",0
"106","2","Sep 12, 2015","6:00 PM","Sat","Duke","","North Carolina Central","",0
"107","2","Sep 12, 2015","4:00 PM","Sat","Eastern Michigan","@","Wyoming","",0
"108","2","Sep 12, 2015","7:00 PM","Sat","Florida","","East Carolina","",0
"109","2","Sep 12, 2015","11:30 AM","Sat","(11) Florida State","","South Florida","",0
"110","2","Sep 12, 2015","3:30 PM","Sat","(10) Georgia","@","Vanderbilt","",0
"111","2","Sep 12, 2015","6:00 PM","Sat","Georgia Southern","","Western Michigan","",0
"112","2","Sep 12, 2015","8:00 PM","Sat","Georgia State","@","New Mexico State","",0
"113","2","Sep 12, 2015","3:30 PM","Sat","(15) Georgia Tech","","Tulane","",0
"114","2","Sep 12, 2015","12:00 PM","Sat","Houston","@","Louisville","",0
"115","2","Sep 12, 2015","12:00 PM","Sat","Illinois","","Western Illinois","",0
"116","2","Sep 12, 2015","8:00 PM","Sat","Indiana","","Florida International","",0
"117","2","Sep 12, 2015","4:45 PM","Sat","Iowa","@","Iowa State","",0
"118","2","Sep 12, 2015","12:00 PM","Sat","Kansas State","@","Texas-San Antonio","",0
"119","2","Sep 12, 2015","6:00 PM","Sat","Kent State","","Delaware State","",0
"120","2","Sep 12, 2015","7:30 PM","Sat","Kentucky","@","South Carolina","",0
"121","2","Sep 12, 2015","9:15 PM","Sat","(14) Louisiana State","@","(25) Mississippi State","",0
"122","2","Sep 12, 2015","7:00 PM","Sat","Louisiana-Lafayette","","Northwestern State","",0
"123","2","Sep 12, 2015","7:00 PM","Sat","Louisiana-Monroe","","Nicholls State","",0
"124","2","Sep 12, 2015","7:00 PM","Sat","Memphis","@","Kansas","",0
"125","2","Sep 12, 2015","12:00 PM","Sat","Michigan","","Oregon State","",0
"126","2","Sep 12, 2015","8:00 PM","Sat","(5) Michigan State","","(7) Oregon","",0
"127","2","Sep 12, 2015","3:30 PM","Sat","Minnesota","@","Colorado State","",0
"128","2","Sep 12, 2015","3:30 PM","Sat","(17) Mississippi","","Fresno State","",0
"129","2","Sep 12, 2015","7:00 PM","Sat","(21) Missouri","@","Arkansas State","",0
"130","2","Sep 12, 2015","8:00 PM","Sat","Nebraska","","South Alabama","",0
"131","2","Sep 12, 2015","6:00 PM","Sat","North Carolina","","North Carolina A&T","",0
"132","2","Sep 12, 2015","6:00 PM","Sat","North Carolina State","","Eastern Kentucky","",0
"133","2","Sep 12, 2015","3:30 PM","Sat","Northern Illinois","","Murray State","",0
"134","2","Sep 12, 2015","4:00 PM","Sat","Northwestern","","Eastern Illinois","",0
"135","2","Sep 12, 2015","3:30 PM","Sat","(9) Notre Dame","@","Virginia","",0
"136","2","Sep 12, 2015","7:00 PM","Sat","Ohio","","Marshall","",0
"137","2","Sep 12, 2015","3:30 PM","Sat","(1) Ohio State","","Hawaii","",0
"138","2","Sep 12, 2015","6:00 PM","Sat","(19) Oklahoma","@","(23) Tennessee","",0
"139","2","Sep 12, 2015","7:30 PM","Sat","Oklahoma State","","Central Arkansas","",0
"140","2","Sep 12, 2015","7:00 PM","Sat","Old Dominion","","Norfolk State","",0
"141","2","Sep 12, 2015","12:00 PM","Sat","Penn State","","Buffalo","",0
"142","2","Sep 12, 2015","6:00 PM","Sat","Pittsburgh","@","Akron","",0
"143","2","Sep 12, 2015","12:00 PM","Sat","Purdue","","Indiana State","",0
"144","2","Sep 12, 2015","8:00 PM","Sat","(8) Southern California","","Idaho","",0
"145","2","Sep 12, 2015","7:00 PM","Sat","Southern Methodist","","North Texas","",0
"146","2","Sep 12, 2015","3:30 PM","Sat","Southern Mississippi","","Austin Peay","",0
"147","2","Sep 12, 2015","10:30 PM","Sat","Stanford","","Central Florida","",0
"148","2","Sep 12, 2015","12:30 PM","Sat","Syracuse","","Wake Forest","",0
"149","2","Sep 12, 2015","8:00 PM","Sat","Temple","@","Cincinnati","",0
"150","2","Sep 12, 2015","8:00 PM","Sat","Texas","","Rice","",0
"151","2","Sep 12, 2015","7:00 PM","Sat","(16) Texas A&M","","Ball State","",0
"152","2","Sep 12, 2015","3:30 PM","Sat","(3) Texas Christian","","Stephen F. Austin","",0
"153","2","Sep 12, 2015","7:00 PM","Sat","Texas State","","Prairie View A&M","",0
"154","2","Sep 12, 2015","3:00 PM","Sat","Texas Tech","","Texas-El Paso","",0
"155","2","Sep 12, 2015","4:00 PM","Sat","Toledo","","(18) Arkansas","",0
"156","2","Sep 12, 2015","7:00 PM","Sat","Troy","","Charleston Southern","",0
"157","2","Sep 12, 2015","8:00 PM","Sat","Tulsa","@","New Mexico","",0
"158","2","Sep 12, 2015","10:30 PM","Sat","(13) UCLA","@","Nevada-Las Vegas","",0
"159","2","Sep 12, 2015","3:30 PM","Sat","Virginia Tech","","Furman","",0
"160","2","Sep 12, 2015","2:00 PM","Sat","Washington","","Sacramento State","",0
"161","2","Sep 12, 2015","3:30 PM","Sat","Washington State","@","Rutgers","",0
"162","2","Sep 12, 2015","3:00 PM","Sat","West Virginia","","Liberty","",0
"163","2","Sep 12, 2015","12:00 PM","Sat","Wisconsin","","Miami (OH)","",0
"164","3","Sep 17, 2015","7:30 PM","Thu","(11) Clemson","@","Louisville","",0
"165","3","Sep 18, 2015","10:00 PM","Fri","Arizona State","","New Mexico","",0
"166","3","Sep 18, 2015","9:00 PM","Fri","Boise State","","Idaho State","",0
"167","3","Sep 18, 2015","8:00 PM","Fri","(9) Florida State","@","Boston College","",0
"168","3","Sep 19, 2015","12:00 PM","Sat","Akron","","Savannah State","",0
"169","3","Sep 19, 2015","11:00 PM","Sat","(20) Arizona","","Northern Arizona","",0
"170","3","Sep 19, 2015","7:00 PM","Sat","Arkansas State","","Missouri State","",0
"171","3","Sep 19, 2015","3:00 PM","Sat","Ball State","@","Eastern Michigan","",0
"172","3","Sep 19, 2015","12:00 PM","Sat","Buffalo","@","Florida Atlantic","",0
"173","3","Sep 19, 2015","7:30 PM","Sat","California","@","Texas","",0
"174","3","Sep 19, 2015","3:30 PM","Sat","Cincinnati","@","Miami (OH)","",0
"175","3","Sep 19, 2015","7:00 PM","Sat","Colorado","","Colorado State","",0
"176","3","Sep 19, 2015","7:30 PM","Sat","Florida","@","Kentucky","",0
"177","3","Sep 19, 2015","6:00 PM","Sat","Florida International","","North Carolina Central","",0
"178","3","Sep 19, 2015","6:00 PM","Sat","Furman","@","Central Florida","",0
"179","3","Sep 19, 2015","6:00 PM","Sat","(7) Georgia","","South Carolina","",0
"180","3","Sep 19, 2015","6:00 PM","Sat","Georgia Southern","","Citadel","",0
"181","3","Sep 19, 2015","11:59 PM","Sat","Hawaii","","California-Davis","",0
"182","3","Sep 19, 2015","5:00 PM","Sat","Idaho","","Wofford","",0
"183","3","Sep 19, 2015","4:00 PM","Sat","Indiana","","Western Kentucky","",0
"184","3","Sep 19, 2015","8:00 PM","Sat","Iowa","","Pittsburgh","",0
"185","3","Sep 19, 2015","3:00 PM","Sat","Kansas State","","Louisiana Tech","",0
"186","3","Sep 19, 2015","3:30 PM","Sat","(13) Louisiana State","","(18) Auburn","",0
"187","3","Sep 19, 2015","3:30 PM","Sat","Marshall","","Norfolk State","",0
"188","3","Sep 19, 2015","12:00 PM","Sat","Maryland","","South Florida","",0
"189","3","Sep 19, 2015","3:00 PM","Sat","Memphis","@","Bowling Green State","",0
"190","3","Sep 19, 2015","3:30 PM","Sat","Miami (FL)","","Nebraska","",0
"191","3","Sep 19, 2015","12:00 PM","Sat","Michigan","","Nevada-Las Vegas","",0
"192","3","Sep 19, 2015","12:00 PM","Sat","(4) Michigan State","","Air Force","",0
"193","3","Sep 19, 2015","7:00 PM","Sat","Middle Tennessee State","","Charlotte","",0
"194","3","Sep 19, 2015","12:00 PM","Sat","Minnesota","","Kent State","",0
"195","3","Sep 19, 2015","9:15 PM","Sat","(15) Mississippi","@","(2) Alabama","",0
"196","3","Sep 19, 2015","4:00 PM","Sat","Mississippi State","","Northwestern State","",0
"197","3","Sep 19, 2015","12:00 PM","Sat","(22) Missouri","","Connecticut","",0
"198","3","Sep 19, 2015","3:30 PM","Sat","Navy","","East Carolina","",0
"199","3","Sep 19, 2015","12:00 PM","Sat","North Carolina","","Illinois","",0
"200","3","Sep 19, 2015","7:00 PM","Sat","North Carolina State","@","Old Dominion","",0
"201","3","Sep 19, 2015","12:30 PM","Sat","(23) Northwestern","@","Duke","",0
"202","3","Sep 19, 2015","3:30 PM","Sat","(8) Notre Dame","","(14) Georgia Tech","",0
"203","3","Sep 19, 2015","2:00 PM","Sat","Ohio","","Southeastern Louisiana","",0
"204","3","Sep 19, 2015","3:30 PM","Sat","(1) Ohio State","","Northern Illinois","",0
"205","3","Sep 19, 2015","12:00 PM","Sat","(16) Oklahoma","","Tulsa","",0
"206","3","Sep 19, 2015","3:30 PM","Sat","(25) Oklahoma State","","Texas-San Antonio","",0
"207","3","Sep 19, 2015","2:00 PM","Sat","(12) Oregon","","Georgia State","",0
"208","3","Sep 19, 2015","8:00 PM","Sat","Oregon State","","San Jose State","",0
"209","3","Sep 19, 2015","8:00 PM","Sat","Penn State","","Rutgers","",0
"210","3","Sep 19, 2015","2:30 PM","Sat","Rice","@","North Texas","",0
"211","3","Sep 19, 2015","8:00 PM","Sat","South Alabama","@","San Diego State","",0
"212","3","Sep 19, 2015","7:00 PM","Sat","Southern Mississippi","@","Texas State","",0
"213","3","Sep 19, 2015","8:00 PM","Sat","Stanford","@","(6) Southern California","",0
"214","3","Sep 19, 2015","12:30 PM","Sat","Syracuse","","Central Michigan","",0
"215","3","Sep 19, 2015","3:00 PM","Sat","Temple","@","Massachusetts","",0
"216","3","Sep 19, 2015","7:00 PM","Sat","Tennessee","","Western Carolina","",0
"217","3","Sep 19, 2015","12:00 PM","Sat","(17) Texas A&M","","Nevada","",0
"218","3","Sep 19, 2015","8:00 PM","Sat","(3) Texas Christian","","Southern Methodist","",0
"219","3","Sep 19, 2015","7:00 PM","Sat","Texas Tech","@","Arkansas","",0
"220","3","Sep 19, 2015","8:00 PM","Sat","Texas-El Paso","@","New Mexico State","",0
"221","3","Sep 19, 2015","8:00 PM","Sat","Toledo","","Iowa State","",0
"222","3","Sep 19, 2015","8:00 PM","Sat","Tulane","","Maine","",0
"223","3","Sep 19, 2015","10:30 PM","Sat","(10) UCLA","","(19) Brigham Young","",0
"224","3","Sep 19, 2015","10:30 PM","Sat","(21) Utah","@","Fresno State","",0
"225","3","Sep 19, 2015","4:00 PM","Sat","Vanderbilt","","Austin Peay","",0
"226","3","Sep 19, 2015","3:30 PM","Sat","Virginia","","William & Mary","",0
"227","3","Sep 19, 2015","3:30 PM","Sat","Virginia Tech","@","Purdue","",0
"228","3","Sep 19, 2015","12:00 PM","Sat","Wake Forest","@","Army","",0
"229","3","Sep 19, 2015","5:00 PM","Sat","Washington","","Utah State","",0
"230","3","Sep 19, 2015","8:30 PM","Sat","Washington State","","Wyoming","",0
"231","3","Sep 19, 2015","7:00 PM","Sat","Western Michigan","","Murray State","",0
"232","3","Sep 19, 2015","3:30 PM","Sat","(24) Wisconsin","","Troy","",0
"233","4","Sep 24, 2015","7:30 PM","Thu","Memphis","","Cincinnati","",0
"234","4","Sep 25, 2015","8:00 PM","Fri","Boise State","@","Virginia","",0
"235","4","Sep 25, 2015","10:00 PM","Fri","(21) Stanford","@","Oregon State","",0
"236","4","Sep 26, 2015","7:00 PM","Sat","Akron","@","Louisiana-Lafayette","",0
"237","4","Sep 26, 2015","4:00 PM","Sat","(12) Alabama","","Louisiana-Monroe","",0
"238","4","Sep 26, 2015","3:30 PM","Sat","Appalachian State","@","Old Dominion","",0
"239","4","Sep 26, 2015","6:00 PM","Sat","Army","@","Eastern Michigan","",0
"240","4","Sep 26, 2015","3:00 PM","Sat","(5) Baylor","","Rice","",0
"241","4","Sep 26, 2015","1:00 PM","Sat","Boston College","","Northern Illinois","",0
"242","4","Sep 26, 2015","12:00 PM","Sat","Bowling Green State","@","Purdue","",0
"243","4","Sep 26, 2015","5:00 PM","Sat","California","@","Washington","",0
"244","4","Sep 26, 2015","1:30 PM","Sat","Colorado","","Nicholls State","",0
"245","4","Sep 26, 2015","7:00 PM","Sat","Colorado State","@","Texas-San Antonio","",0
"246","4","Sep 26, 2015","12:00 PM","Sat","Duke","","(20) Georgia Tech","",0
"247","4","Sep 26, 2015","3:30 PM","Sat","East Carolina","","Virginia Tech","",0
"248","4","Sep 26, 2015","3:30 PM","Sat","Florida","","Tennessee","",0
"249","4","Sep 26, 2015","7:00 PM","Sat","Florida Atlantic","@","Charlotte","",0
"250","4","Sep 26, 2015","12:00 PM","Sat","(7) Georgia","","Southern","",0
"251","4","Sep 26, 2015","9:00 PM","Sat","Georgia Southern","@","Idaho","",0
"252","4","Sep 26, 2015","8:00 PM","Sat","Houston","","Texas State","",0
"253","4","Sep 26, 2015","4:00 PM","Sat","Illinois","","Middle Tennessee State","",0
"254","4","Sep 26, 2015","12:30 PM","Sat","Indiana","@","Wake Forest","",0
"255","4","Sep 26, 2015","3:30 PM","Sat","Iowa","","North Texas","",0
"256","4","Sep 26, 2015","7:00 PM","Sat","James Madison","@","Southern Methodist","",0
"257","4","Sep 26, 2015","7:30 PM","Sat","Kentucky","","(25) Missouri","",0
"258","4","Sep 26, 2015","12:00 PM","Sat","(8) Louisiana State","@","Syracuse","",0
"259","4","Sep 26, 2015","2:30 PM","Sat","Louisiana Tech","","Florida International","",0
"260","4","Sep 26, 2015","6:00 PM","Sat","Louisville","","Samford","",0
"261","4","Sep 26, 2015","3:30 PM","Sat","Marshall","@","Kent State","",0
"262","4","Sep 26, 2015","12:00 PM","Sat","Michigan","","(22) Brigham Young","",0
"263","4","Sep 26, 2015","12:00 PM","Sat","(2) Michigan State","","Central Michigan","",0
"264","4","Sep 26, 2015","3:30 PM","Sat","Minnesota","","Ohio","",0
"265","4","Sep 26, 2015","7:00 PM","Sat","(3) Mississippi","","Vanderbilt","",0
"266","4","Sep 26, 2015","7:30 PM","Sat","Mississippi State","@","Auburn","",0
"267","4","Sep 26, 2015","12:00 PM","Sat","Navy","@","Connecticut","",0
"268","4","Sep 26, 2015","12:00 PM","Sat","Nebraska","","Southern Mississippi","",0
"269","4","Sep 26, 2015","3:30 PM","Sat","Nevada","@","Buffalo","",0
"270","4","Sep 26, 2015","9:00 PM","Sat","Nevada-Las Vegas","","Idaho State","",0
"271","4","Sep 26, 2015","3:00 PM","Sat","New Mexico","@","Wyoming","",0
"272","4","Sep 26, 2015","12:30 PM","Sat","North Carolina","","Delaware","",0
"273","4","Sep 26, 2015","8:00 PM","Sat","North Carolina State","@","South Alabama","",0
"274","4","Sep 26, 2015","8:00 PM","Sat","(17) Northwestern","","Ball State","",0
"275","4","Sep 26, 2015","3:30 PM","Sat","(6) Notre Dame","","Massachusetts","",0
"276","4","Sep 26, 2015","3:30 PM","Sat","(1) Ohio State","","Western Michigan","",0
"277","4","Sep 26, 2015","3:30 PM","Sat","(24) Oklahoma State","@","Texas","",0
"278","4","Sep 26, 2015","3:30 PM","Sat","Penn State","","San Diego State","",0
"279","4","Sep 26, 2015","12:00 PM","Sat","Rutgers","","Kansas","",0
"280","4","Sep 26, 2015","10:30 PM","Sat","San Jose State","","Fresno State","",0
"281","4","Sep 26, 2015","12:00 PM","Sat","South Carolina","","Central Florida","",0
"282","4","Sep 26, 2015","10:30 PM","Sat","(19) Southern California","@","Arizona State","",0
"283","4","Sep 26, 2015","7:00 PM","Sat","(14) Texas A&M","","Arkansas","",0
"284","4","Sep 26, 2015","4:45 PM","Sat","(3) Texas Christian","@","Texas Tech","",0
"285","4","Sep 26, 2015","8:00 PM","Sat","Texas-El Paso","","Incarnate Word","",0
"286","4","Sep 26, 2015","7:00 PM","Sat","Toledo","","Arkansas State","",0
"287","4","Sep 26, 2015","8:00 PM","Sat","(9) UCLA","@","(16) Arizona","",0
"288","4","Sep 26, 2015","8:30 PM","Sat","(18) Utah","@","(13) Oregon","",0
"289","4","Sep 26, 2015","3:00 PM","Sat","West Virginia","","Maryland","",0
"290","4","Sep 26, 2015","3:30 PM","Sat","Western Kentucky","","Miami (OH)","",0
"291","4","Sep 26, 2015","8:00 PM","Sat","(22) Wisconsin","","Hawaii","",0
"292","5","Oct 1, 2015","7:30 PM","Thu","Cincinnati","","Miami (FL)","",0
"293","5","Oct 2, 2015","10:15 PM","Fri","Brigham Young","","Connecticut","",0
"294","5","Oct 2, 2015","7:00 PM","Fri","Memphis","@","South Florida","",0
"295","5","Oct 2, 2015","7:00 PM","Fri","Temple","@","Charlotte","",0
"296","5","Oct 3, 2015","3:30 PM","Sat","(13) Alabama","@","(8) Georgia","",0
"297","5","Oct 3, 2015","3:30 PM","Sat","Appalachian State","","Wyoming","",0
"298","5","Oct 3, 2015","7:30 PM","Sat","Arizona State","@","(7) UCLA","",0
"299","5","Oct 3, 2015","7:00 PM","Sat","Arkansas","@","Tennessee","",0
"300","5","Oct 3, 2015","7:00 PM","Sat","Arkansas State","","Idaho","",0
"301","5","Oct 3, 2015","4:00 PM","Sat","Auburn","","San Jose State","",0
"302","5","Oct 3, 2015","3:30 PM","Sat","(5) Baylor","","Texas Tech","",0
"303","5","Oct 3, 2015","10:15 PM","Sat","Boise State","","Hawaii","",0
"304","5","Oct 3, 2015","3:30 PM","Sat","Bowling Green State","@","Buffalo","",0
"305","5","Oct 3, 2015","4:00 PM","Sat","(24) California","","Washington State","",0
"306","5","Oct 3, 2015","3:00 PM","Sat","Central Michigan","","Northern Illinois","",0
"307","5","Oct 3, 2015","8:00 PM","Sat","(12) Clemson","","(6) Notre Dame","",0
"308","5","Oct 3, 2015","3:30 PM","Sat","Duke","","Boston College","",0
"309","5","Oct 3, 2015","4:00 PM","Sat","East Carolina","@","Southern Methodist","",0
"310","5","Oct 3, 2015","7:00 PM","Sat","(25) Florida","","(3) Mississippi","",0
"311","5","Oct 3, 2015","3:30 PM","Sat","(11) Florida State","@","Wake Forest","",0
"312","5","Oct 3, 2015","7:00 PM","Sat","Georgia Southern","@","Louisiana-Monroe","",0
"313","5","Oct 3, 2015","12:00 PM","Sat","Houston","@","Tulsa","",0
"314","5","Oct 3, 2015","4:00 PM","Sat","Illinois","","Nebraska","",0
"315","5","Oct 3, 2015","12:00 PM","Sat","Iowa","@","(19) Wisconsin","",0
"316","5","Oct 3, 2015","12:00 PM","Sat","Iowa State","","Kansas","",0
"317","5","Oct 3, 2015","3:30 PM","Sat","Kent State","","Miami (OH)","",0
"318","5","Oct 3, 2015","7:30 PM","Sat","Kentucky","","Eastern Kentucky","",0
"319","5","Oct 3, 2015","3:30 PM","Sat","Liberty","@","Georgia State","",0
"320","5","Oct 3, 2015","7:00 PM","Sat","(9) Louisiana State","","Eastern Michigan","",0
"321","5","Oct 3, 2015","7:00 PM","Sat","Louisiana Tech","","Louisiana-Lafayette","",0
"322","5","Oct 3, 2015","12:30 PM","Sat","Louisville","@","North Carolina State","",0
"323","5","Oct 3, 2015","3:30 PM","Sat","Marshall","","Old Dominion","",0
"324","5","Oct 3, 2015","3:00 PM","Sat","Massachusetts","","Florida International","",0
"325","5","Oct 3, 2015","12:00 PM","Sat","(22) Michigan","@","Maryland","",0
"326","5","Oct 3, 2015","12:00 PM","Sat","(2) Michigan State","","Purdue","",0
"327","5","Oct 3, 2015","12:00 PM","Sat","Missouri","","South Carolina","",0
"328","5","Oct 3, 2015","3:30 PM","Sat","Navy","","Air Force","",0
"329","5","Oct 3, 2015","7:00 PM","Sat","Nevada-Las Vegas","@","Nevada","",0
"330","5","Oct 3, 2015","8:00 PM","Sat","New Mexico","","New Mexico State","",0
"331","5","Oct 3, 2015","3:30 PM","Sat","North Carolina","@","Georgia Tech","",0
"332","5","Oct 3, 2015","12:00 PM","Sat","(16) Northwestern","","Minnesota","",0
"333","5","Oct 3, 2015","2:00 PM","Sat","Ohio","@","Akron","",0
"334","5","Oct 3, 2015","3:30 PM","Sat","(1) Ohio State","@","Indiana","",0
"335","5","Oct 3, 2015","12:00 PM","Sat","(15) Oklahoma","","(23) West Virginia","",0
"336","5","Oct 3, 2015","4:00 PM","Sat","(20) Oklahoma State","","Kansas State","",0
"337","5","Oct 3, 2015","10:00 PM","Sat","Oregon","@","Colorado","",0
"338","5","Oct 3, 2015","12:00 PM","Sat","Penn State","","Army","",0
"339","5","Oct 3, 2015","12:00 PM","Sat","Pittsburgh","@","Virginia Tech","",0
"340","5","Oct 3, 2015","10:30 PM","Sat","San Diego State","","Fresno State","",0
"341","5","Oct 3, 2015","7:00 PM","Sat","South Alabama","@","Troy","",0
"342","5","Oct 3, 2015","7:00 PM","Sat","Southern Mississippi","","North Texas","",0
"343","5","Oct 3, 2015","10:30 PM","Sat","(18) Stanford","","Arizona","",0
"344","5","Oct 3, 2015","7:30 PM","Sat","(14) Texas A&M","","(21) Mississippi State","",0
"345","5","Oct 3, 2015","12:00 PM","Sat","(4) Texas Christian","","Texas","",0
"346","5","Oct 3, 2015","8:00 PM","Sat","Texas-San Antonio","@","Texas-El Paso","",0
"347","5","Oct 3, 2015","3:00 PM","Sat","Toledo","@","Ball State","",0
"348","5","Oct 3, 2015","12:00 PM","Sat","Tulane","","Central Florida","",0
"349","5","Oct 3, 2015","7:00 PM","Sat","Utah State","","Colorado State","",0
"350","5","Oct 3, 2015","7:00 PM","Sat","Vanderbilt","@","Middle Tennessee State","",0
"351","5","Oct 3, 2015","3:30 PM","Sat","Western Kentucky","@","Rice","",0
"352","6","Oct 8, 2015","8:00 PM","Thu","Houston","","Southern Methodist","",0
"353","6","Oct 8, 2015","9:00 PM","Thu","Washington","@","(17) Southern California","",0
"354","6","Oct 9, 2015","7:00 PM","Fri","Marshall","","Southern Mississippi","",0
"355","6","Oct 9, 2015","8:00 PM","Fri","Virginia Tech","","North Carolina State","",0
"356","6","Oct 10, 2015","10:15 PM","Sat","Air Force","","Wyoming","",0
"357","6","Oct 10, 2015","3:00 PM","Sat","Akron","@","Eastern Michigan","",0
"358","6","Oct 10, 2015","7:00 PM","Sat","(8) Alabama","","Arkansas","",0
"359","6","Oct 10, 2015","3:30 PM","Sat","Appalachian State","@","Georgia State","",0
"360","6","Oct 10, 2015","4:00 PM","Sat","Arizona","","Oregon State","",0
"361","6","Oct 10, 2015","10:00 PM","Sat","Arizona State","","Colorado","",0
"362","6","Oct 10, 2015","12:00 PM","Sat","(3) Baylor","@","Kansas","",0
"363","6","Oct 10, 2015","7:00 PM","Sat","(25) Boise State","@","Colorado State","",0
"364","6","Oct 10, 2015","2:00 PM","Sat","Bowling Green State","","Massachusetts","",0
"365","6","Oct 10, 2015","7:30 PM","Sat","Brigham Young","","East Carolina","",0
"366","6","Oct 10, 2015","3:30 PM","Sat","(6) Clemson","","Georgia Tech","",0
"367","6","Oct 10, 2015","3:45 PM","Sat","Connecticut","@","Central Florida","",0
"368","6","Oct 10, 2015","12:00 PM","Sat","Duke","@","Army","",0
"369","6","Oct 10, 2015","7:30 PM","Sat","(11) Florida","@","Missouri","",0
"370","6","Oct 10, 2015","12:00 PM","Sat","Florida International","","Texas-El Paso","",0
"371","6","Oct 10, 2015","8:00 PM","Sat","(12) Florida State","","Miami (FL)","",0
"372","6","Oct 10, 2015","12:00 PM","Sat","(22) Iowa","","Illinois","",0
"373","6","Oct 10, 2015","3:30 PM","Sat","(7) Louisiana State","@","South Carolina","",0
"374","6","Oct 10, 2015","7:00 PM","Sat","Louisiana Tech","@","Texas-San Antonio","",0
"375","6","Oct 10, 2015","7:00 PM","Sat","Louisiana-Lafayette","","Texas State","",0
"376","6","Oct 10, 2015","3:30 PM","Sat","(18) Michigan","","(13) Northwestern","",0
"377","6","Oct 10, 2015","8:00 PM","Sat","(4) Michigan State","@","Rutgers","",0
"378","6","Oct 10, 2015","3:30 PM","Sat","Minnesota","@","Purdue","",0
"379","6","Oct 10, 2015","12:00 PM","Sat","(14) Mississippi","","New Mexico State","",0
"380","6","Oct 10, 2015","4:00 PM","Sat","Mississippi State","","Troy","",0
"381","6","Oct 10, 2015","7:00 PM","Sat","Nevada","","New Mexico","",0
"382","6","Oct 10, 2015","3:30 PM","Sat","Northern Illinois","","Ball State","",0
"383","6","Oct 10, 2015","3:30 PM","Sat","(15) Notre Dame","","Navy","",0
"384","6","Oct 10, 2015","2:00 PM","Sat","Ohio","","Miami (OH)","",0
"385","6","Oct 10, 2015","12:00 PM","Sat","(1) Ohio State","","Maryland","",0
"386","6","Oct 10, 2015","7:00 PM","Sat","(21) Oklahoma State","@","West Virginia","",0
"387","6","Oct 10, 2015","12:00 PM","Sat","Penn State","","Indiana","",0
"388","6","Oct 10, 2015","12:30 PM","Sat","Pittsburgh","","Virginia","",0
"389","6","Oct 10, 2015","5:00 PM","Sat","Portland State","@","North Texas","",0
"390","6","Oct 10, 2015","2:30 PM","Sat","Rice","@","Florida Atlantic","",0
"391","6","Oct 10, 2015","11:59 PM","Sat","San Diego State","@","Hawaii","",0
"392","6","Oct 10, 2015","9:00 PM","Sat","San Jose State","@","Nevada-Las Vegas","",0
"393","6","Oct 10, 2015","3:30 PM","Sat","South Florida","","Syracuse","",0
"394","6","Oct 10, 2015","12:00 PM","Sat","Temple","","Tulane","",0
"395","6","Oct 10, 2015","3:30 PM","Sat","Tennessee","","(19) Georgia","",0
"396","6","Oct 10, 2015","12:00 PM","Sat","Texas","","(10) Oklahoma","",0
"397","6","Oct 10, 2015","7:30 PM","Sat","(2) Texas Christian","@","Kansas State","",0
"398","6","Oct 10, 2015","3:30 PM","Sat","Texas Tech","","Iowa State","",0
"399","6","Oct 10, 2015","3:00 PM","Sat","(24) Toledo","","Kent State","",0
"400","6","Oct 10, 2015","6:00 PM","Sat","Tulsa","","Louisiana-Monroe","",0
"401","6","Oct 10, 2015","10:00 PM","Sat","(5) Utah","","(23) California","",0
"402","6","Oct 10, 2015","10:30 PM","Sat","Utah State","@","Fresno State","",0
"403","6","Oct 10, 2015","3:00 PM","Sat","Wake Forest","@","Boston College","",0
"404","6","Oct 10, 2015","6:00 PM","Sat","Washington State","@","Oregon","",0
"405","6","Oct 10, 2015","12:00 PM","Sat","Western Kentucky","","Middle Tennessee State","",0
"406","6","Oct 10, 2015","12:00 PM","Sat","Western Michigan","","Central Michigan","",0
"407","6","Oct 10, 2015","3:30 PM","Sat","Wisconsin","@","Nebraska","",0
"408","7","Oct 13, 2015","8:00 PM","Tue","Arkansas State","@","South Alabama","",0
"409","7","Oct 15, 2015","7:00 PM","Thu","Auburn","@","Kentucky","",0
"410","7","Oct 15, 2015","10:30 PM","Thu","(15) Stanford","","(18) UCLA","",0
"411","7","Oct 15, 2015","7:30 PM","Thu","Western Kentucky","@","North Texas","",0
"412","7","Oct 16, 2015","8:00 PM","Fri","Brigham Young","","Cincinnati","",0
"413","7","Oct 16, 2015","10:30 PM","Fri","Fresno State","","Nevada-Las Vegas","",0
"414","7","Oct 16, 2015","9:00 PM","Fri","(24) Houston","@","Tulane","",0
"415","7","Oct 16, 2015","9:00 PM","Fri","Utah State","","(21) Boise State","",0
"416","7","Oct 17, 2015","3:30 PM","Sat","(10) Alabama","@","(9) Texas A&M","",0
"417","7","Oct 17, 2015","7:00 PM","Sat","Appalachian State","@","Louisiana-Monroe","",0
"418","7","Oct 17, 2015","9:00 PM","Sat","Arizona","@","Colorado","",0
"419","7","Oct 17, 2015","12:00 PM","Sat","Army","","Bucknell","",0
"420","7","Oct 17, 2015","12:00 PM","Sat","(2) Baylor","","West Virginia","",0
"421","7","Oct 17, 2015","3:00 PM","Sat","Bowling Green State","","Akron","",0
"422","7","Oct 17, 2015","1:00 PM","Sat","Central Michigan","","Buffalo","",0
"423","7","Oct 17, 2015","7:00 PM","Sat","(5) Clemson","","Boston College","",0
"424","7","Oct 17, 2015","3:30 PM","Sat","Colorado State","","Air Force","",0
"425","7","Oct 17, 2015","12:00 PM","Sat","East Carolina","","Tulsa","",0
"426","7","Oct 17, 2015","12:00 PM","Sat","(11) Florida State","","Louisville","",0
"427","7","Oct 17, 2015","7:30 PM","Sat","Georgia","","Missouri","",0
"428","7","Oct 17, 2015","6:00 PM","Sat","Georgia Southern","","New Mexico State","",0
"429","7","Oct 17, 2015","3:00 PM","Sat","Georgia State","@","Ball State","",0
"430","7","Oct 17, 2015","3:30 PM","Sat","Idaho","@","Troy","",0
"431","7","Oct 17, 2015","12:00 PM","Sat","(17) Iowa","@","(20) Northwestern","",0
"432","7","Oct 17, 2015","3:30 PM","Sat","Kent State","@","Massachusetts","",0
"433","7","Oct 17, 2015","7:00 PM","Sat","(6) Louisiana State","","(8) Florida","",0
"434","7","Oct 17, 2015","12:00 PM","Sat","Marshall","@","Florida Atlantic","",0
"435","7","Oct 17, 2015","12:00 PM","Sat","Memphis","","(13) Mississippi","",0
"436","7","Oct 17, 2015","3:30 PM","Sat","Miami (FL)","","Virginia Tech","",0
"437","7","Oct 17, 2015","3:30 PM","Sat","(7) Michigan State","@","(12) Michigan","",0
"438","7","Oct 17, 2015","12:00 PM","Sat","Middle Tennessee State","","Florida International","",0
"439","7","Oct 17, 2015","12:00 PM","Sat","Mississippi State","","Louisiana Tech","",0
"440","7","Oct 17, 2015","3:30 PM","Sat","Nebraska","@","Minnesota","",0
"441","7","Oct 17, 2015","7:00 PM","Sat","New Mexico","","Hawaii","",0
"442","7","Oct 17, 2015","7:00 PM","Sat","North Carolina","","Wake Forest","",0
"443","7","Oct 17, 2015","2:30 PM","Sat","Northern Illinois","@","Miami (OH)","",0
"444","7","Oct 17, 2015","7:30 PM","Sat","(14) Notre Dame","","Southern California","",0
"445","7","Oct 17, 2015","8:00 PM","Sat","(1) Ohio State","","Penn State","",0
"446","7","Oct 17, 2015","3:30 PM","Sat","(19) Oklahoma","@","Kansas State","",0
"447","7","Oct 17, 2015","3:30 PM","Sat","Old Dominion","","Charlotte","",0
"448","7","Oct 17, 2015","10:30 PM","Sat","Oregon","@","Washington","",0
"449","7","Oct 17, 2015","12:30 PM","Sat","Pittsburgh","@","Georgia Tech","",0
"450","7","Oct 17, 2015","3:30 PM","Sat","Rutgers","@","Indiana","",0
"451","7","Oct 17, 2015","10:30 PM","Sat","San Diego State","@","San Jose State","",0
"452","7","Oct 17, 2015","4:00 PM","Sat","South Carolina","","Vanderbilt","",0
"453","7","Oct 17, 2015","12:00 PM","Sat","South Florida","@","Connecticut","",0
"454","7","Oct 17, 2015","7:00 PM","Sat","Southern Mississippi","","Texas-San Antonio","",0
"455","7","Oct 17, 2015","7:30 PM","Sat","Temple","","Central Florida","",0
"456","7","Oct 17, 2015","7:00 PM","Sat","(3) Texas Christian","@","Iowa State","",0
"457","7","Oct 17, 2015","12:00 PM","Sat","Texas Tech","@","Kansas","",0
"458","7","Oct 17, 2015","12:00 PM","Sat","(22) Toledo","","Eastern Michigan","",0
"459","7","Oct 17, 2015","10:00 PM","Sat","(4) Utah","","Arizona State","",0
"460","7","Oct 17, 2015","3:30 PM","Sat","Virginia","","Syracuse","",0
"461","7","Oct 17, 2015","4:00 PM","Sat","Washington State","","Oregon State","",0
"462","7","Oct 17, 2015","12:00 PM","Sat","Western Michigan","@","Ohio","",0
"463","7","Oct 17, 2015","12:00 PM","Sat","Wisconsin","","Purdue","",0
"464","7","Oct 17, 2015","4:00 PM","Sat","Wyoming","","Nevada","",0
"465","8","Oct 20, 2015","8:00 PM","Tue","Arkansas State","","Louisiana-Lafayette","",0
"466","8","Oct 22, 2015","7:30 PM","Thu","Appalachian State","","Georgia Southern","",0
"467","8","Oct 22, 2015","7:00 PM","Thu","(22) Temple","@","East Carolina","",0
"468","8","Oct 22, 2015","9:00 PM","Thu","UCLA","","(20) California","",0
"469","8","Oct 23, 2015","8:00 PM","Fri","(18) Memphis","@","Tulsa","",0
"470","8","Oct 23, 2015","10:30 PM","Fri","San Diego State","","Utah State","",0
"471","8","Oct 24, 2015","2:00 PM","Sat","Air Force","","Fresno State","",0
"472","8","Oct 24, 2015","3:30 PM","Sat","(8) Alabama","","Tennessee","",0
"473","8","Oct 24, 2015","12:00 PM","Sat","Arkansas","","Auburn","",0
"474","8","Oct 24, 2015","12:00 PM","Sat","(2) Baylor","","Iowa State","",0
"475","8","Oct 24, 2015","10:15 PM","Sat","Boise State","","Wyoming","",0
"476","8","Oct 24, 2015","1:00 PM","Sat","Bowling Green State","@","Kent State","",0
"477","8","Oct 24, 2015","3:00 PM","Sat","Brigham Young","","Wagner","",0
"478","8","Oct 24, 2015","3:30 PM","Sat","Buffalo","","Ohio","",0
"479","8","Oct 24, 2015","3:00 PM","Sat","Central Michigan","@","Ball State","",0
"480","8","Oct 24, 2015","4:30 PM","Sat","Cincinnati","","Connecticut","",0
"481","8","Oct 24, 2015","12:00 PM","Sat","(6) Clemson","@","Miami (FL)","",0
"482","8","Oct 24, 2015","10:30 PM","Sat","Colorado","@","Oregon State","",0
"483","8","Oct 24, 2015","3:30 PM","Sat","(23) Duke","@","Virginia Tech","",0
"484","8","Oct 24, 2015","6:00 PM","Sat","Florida International","","Old Dominion","",0
"485","8","Oct 24, 2015","7:00 PM","Sat","Georgia Tech","","(9) Florida State","",0
"486","8","Oct 24, 2015","12:00 PM","Sat","(21) Houston","@","Central Florida","",0
"487","8","Oct 24, 2015","5:00 PM","Sat","Idaho","","Louisiana-Monroe","",0
"488","8","Oct 24, 2015","7:00 PM","Sat","(5) Louisiana State","","Western Kentucky","",0
"489","8","Oct 24, 2015","3:30 PM","Sat","Louisiana Tech","","Middle Tennessee State","",0
"490","8","Oct 24, 2015","12:30 PM","Sat","Louisville","","Boston College","",0
"491","8","Oct 24, 2015","3:30 PM","Sat","Marshall","","North Texas","",0
"492","8","Oct 24, 2015","3:30 PM","Sat","(7) Michigan State","","Indiana","",0
"493","8","Oct 24, 2015","7:00 PM","Sat","(24) Mississippi","","(15) Texas A&M","",0
"494","8","Oct 24, 2015","7:30 PM","Sat","Mississippi State","","Kentucky","",0
"495","8","Oct 24, 2015","1:00 PM","Sat","Navy","","Tulane","",0
"496","8","Oct 24, 2015","4:00 PM","Sat","Nevada","","Hawaii","",0
"497","8","Oct 24, 2015","3:30 PM","Sat","North Carolina","","Virginia","",0
"498","8","Oct 24, 2015","12:00 PM","Sat","North Carolina State","@","Wake Forest","",0
"499","8","Oct 24, 2015","3:30 PM","Sat","Northern Illinois","","Eastern Michigan","",0
"500","8","Oct 24, 2015","12:00 PM","Sat","Northwestern","@","Nebraska","",0
"501","8","Oct 24, 2015","8:00 PM","Sat","(1) Ohio State","@","Rutgers","",0
"502","8","Oct 24, 2015","3:30 PM","Sat","(17) Oklahoma","","Texas Tech","",0
"503","8","Oct 24, 2015","3:30 PM","Sat","(14) Oklahoma State","","Kansas","",0
"504","8","Oct 24, 2015","3:30 PM","Sat","Penn State","","Maryland","",0
"505","8","Oct 24, 2015","12:00 PM","Sat","(25) Pittsburgh","@","Syracuse","",0
"506","8","Oct 24, 2015","12:00 PM","Sat","Rice","","Army","",0
"507","8","Oct 24, 2015","7:00 PM","Sat","San Jose State","","New Mexico","",0
"508","8","Oct 24, 2015","4:00 PM","Sat","South Florida","","Southern Methodist","",0
"509","8","Oct 24, 2015","7:30 PM","Sat","Southern California","","(3) Utah","",0
"510","8","Oct 24, 2015","12:00 PM","Sat","Southern Mississippi","@","Charlotte","",0
"511","8","Oct 24, 2015","10:30 PM","Sat","(10) Stanford","","Washington","",0
"512","8","Oct 24, 2015","12:00 PM","Sat","Texas","","Kansas State","",0
"513","8","Oct 24, 2015","7:00 PM","Sat","Texas State","","South Alabama","",0
"514","8","Oct 24, 2015","7:00 PM","Sat","Texas-El Paso","","Florida Atlantic","",0
"515","8","Oct 24, 2015","3:00 PM","Sat","(19) Toledo","@","Massachusetts","",0
"516","8","Oct 24, 2015","8:00 PM","Sat","Troy","@","New Mexico State","",0
"517","8","Oct 24, 2015","4:00 PM","Sat","Vanderbilt","","Missouri","",0
"518","8","Oct 24, 2015","4:00 PM","Sat","Washington State","@","Arizona","",0
"519","8","Oct 24, 2015","2:00 PM","Sat","Western Michigan","","Miami (OH)","",0
"520","8","Oct 24, 2015","3:30 PM","Sat","Wisconsin","@","Illinois","",0
"521","9","Oct 29, 2015","7:30 PM","Thu","Buffalo","@","Miami (OH)","",0
"522","9","Oct 29, 2015","7:30 PM","Thu","Georgia Southern","","Texas State","",0
"523","9","Oct 29, 2015","7:00 PM","Thu","North Carolina","@","(23) Pittsburgh","",0
"524","9","Oct 29, 2015","10:30 PM","Thu","Oregon","@","Arizona State","",0
"525","9","Oct 29, 2015","7:30 PM","Thu","(5) Texas Christian","","West Virginia","",0
"526","9","Oct 29, 2015","7:30 PM","Thu","Western Michigan","@","Eastern Michigan","",0
"527","9","Oct 30, 2015","7:00 PM","Fri","Connecticut","","East Carolina","",0
"528","9","Oct 30, 2015","8:00 PM","Fri","Louisiana Tech","@","Rice","",0
"529","9","Oct 30, 2015","7:02 PM","Fri","Louisville","@","Wake Forest","",0
"530","9","Oct 30, 2015","10:15 PM","Fri","Utah State","","Wyoming","",0
"531","9","Oct 31, 2015","10:30 PM","Sat","Air Force","@","Hawaii","",0
"532","9","Oct 31, 2015","3:30 PM","Sat","Appalachian State","","Troy","",0
"533","9","Oct 31, 2015","4:00 PM","Sat","Arkansas","","Tennessee-Martin","",0
"534","9","Oct 31, 2015","7:00 PM","Sat","Arkansas State","","Georgia State","",0
"535","9","Oct 31, 2015","1:00 PM","Sat","Ball State","","Massachusetts","",0
"536","9","Oct 31, 2015","3:30 PM","Sat","Boise State","@","Nevada-Las Vegas","",0
"537","9","Oct 31, 2015","2:00 PM","Sat","Central Michigan","@","Akron","",0
"538","9","Oct 31, 2015","12:00 PM","Sat","Cincinnati","","Central Florida","",0
"539","9","Oct 31, 2015","3:30 PM","Sat","(3) Clemson","@","North Carolina State","",0
"540","9","Oct 31, 2015","3:30 PM","Sat","(11) Florida","","Georgia","",0
"541","9","Oct 31, 2015","3:30 PM","Sat","Florida Atlantic","","Florida International","",0
"542","9","Oct 31, 2015","12:00 PM","Sat","(17) Florida State","","Syracuse","",0
"543","9","Oct 31, 2015","7:00 PM","Sat","(18) Houston","","Vanderbilt","",0
"544","9","Oct 31, 2015","3:30 PM","Sat","(10) Iowa","","Maryland","",0
"545","9","Oct 31, 2015","7:00 PM","Sat","Iowa State","","Texas","",0
"546","9","Oct 31, 2015","5:00 PM","Sat","Louisiana-Lafayette","","Louisiana-Monroe","",0
"547","9","Oct 31, 2015","3:30 PM","Sat","Marshall","@","Charlotte","",0
"548","9","Oct 31, 2015","7:00 PM","Sat","(16) Memphis","","Tulane","",0
"549","9","Oct 31, 2015","7:00 PM","Sat","Miami (FL)","@","(22) Duke","",0
"550","9","Oct 31, 2015","7:00 PM","Sat","(15) Michigan","@","Minnesota","",0
"551","9","Oct 31, 2015","12:00 PM","Sat","(19) Mississippi","@","Auburn","",0
"552","9","Oct 31, 2015","12:00 PM","Sat","Navy","","South Florida","",0
"553","9","Oct 31, 2015","8:00 PM","Sat","New Mexico State","","Idaho","",0
"554","9","Oct 31, 2015","7:00 PM","Sat","North Texas","","Texas-San Antonio","",0
"555","9","Oct 31, 2015","8:00 PM","Sat","(9) Notre Dame","@","(21) Temple","",0
"556","9","Oct 31, 2015","3:30 PM","Sat","(14) Oklahoma","@","Kansas","",0
"557","9","Oct 31, 2015","3:30 PM","Sat","(12) Oklahoma State","@","Texas Tech","",0
"558","9","Oct 31, 2015","12:00 PM","Sat","Penn State","","Illinois","",0
"559","9","Oct 31, 2015","12:00 PM","Sat","Purdue","","Nebraska","",0
"560","9","Oct 31, 2015","3:30 PM","Sat","San Diego State","@","Colorado State","",0
"561","9","Oct 31, 2015","3:00 PM","Sat","Southern California","@","California","",0
"562","9","Oct 31, 2015","2:30 PM","Sat","Southern Mississippi","","Texas-El Paso","",0
"563","9","Oct 31, 2015","10:30 PM","Sat","(8) Stanford","@","Washington State","",0
"564","9","Oct 31, 2015","7:30 PM","Sat","Tennessee","@","Kentucky","",0
"565","9","Oct 31, 2015","12:00 PM","Sat","Texas A&M","","South Carolina","",0
"566","9","Oct 31, 2015","4:00 PM","Sat","Tulsa","@","Southern Methodist","",0
"567","9","Oct 31, 2015","3:00 PM","Sat","(24) UCLA","","Colorado","",0
"568","9","Oct 31, 2015","7:00 PM","Sat","(13) Utah","","Oregon State","",0
"569","9","Oct 31, 2015","3:00 PM","Sat","Virginia","","Georgia Tech","",0
"570","9","Oct 31, 2015","12:30 PM","Sat","Virginia Tech","@","Boston College","",0
"571","9","Oct 31, 2015","11:00 PM","Sat","Washington","","Arizona","",0
"572","9","Oct 31, 2015","12:00 PM","Sat","Western Kentucky","@","Old Dominion","",0
"573","9","Oct 31, 2015","12:00 PM","Sat","Wisconsin","","Rutgers","",0
"574","10","Nov 3, 2015","8:00 PM","Tue","Northern Illinois","@","(20) Toledo","",0
"575","10","Nov 4, 2015","8:00 PM","Wed","Bowling Green State","","Ohio","",0
"576","10","Nov 5, 2015","7:30 PM","Thu","Arkansas State","@","Appalachian State","",0
"577","10","Nov 5, 2015","7:30 PM","Thu","(2) Baylor","@","Kansas State","",0
"578","10","Nov 5, 2015","7:00 PM","Thu","Buffalo","@","Kent State","",0
"579","10","Nov 5, 2015","9:00 PM","Thu","(24) Mississippi State","@","Missouri","",0
"580","10","Nov 5, 2015","10:30 PM","Thu","Nevada","@","Fresno State","",0
"581","10","Nov 5, 2015","7:30 PM","Thu","Western Michigan","","Ball State","",0
"582","10","Nov 6, 2015","11:30 PM","Fri","Brigham Young","@","San Jose State","",0
"583","10","Nov 6, 2015","8:00 PM","Fri","(23) Temple","@","Southern Methodist","",0
"584","10","Nov 6, 2015","8:00 PM","Fri","Texas-El Paso","","Rice","",0
"585","10","Nov 7, 2015","3:30 PM","Sat","Air Force","","Army","",0
"586","10","Nov 7, 2015","12:00 PM","Sat","Akron","@","Massachusetts","",0
"587","10","Nov 7, 2015","8:00 PM","Sat","(7) Alabama","","(4) Louisiana State","",0
"588","10","Nov 7, 2015","3:30 PM","Sat","Arkansas","@","(19) Mississippi","",0
"589","10","Nov 7, 2015","7:30 PM","Sat","Auburn","@","(25) Texas A&M","",0
"590","10","Nov 7, 2015","3:30 PM","Sat","(3) Clemson","","(17) Florida State","",0
"591","10","Nov 7, 2015","3:00 PM","Sat","Colorado State","@","Wyoming","",0
"592","10","Nov 7, 2015","4:00 PM","Sat","Connecticut","@","Tulane","",0
"593","10","Nov 7, 2015","12:00 PM","Sat","(11) Florida","","Vanderbilt","",0
"594","10","Nov 7, 2015","12:00 PM","Sat","Florida International","","Charlotte","",0
"595","10","Nov 7, 2015","12:00 PM","Sat","Georgia","","Kentucky","",0
"596","10","Nov 7, 2015","3:30 PM","Sat","(18) Houston","","Cincinnati","",0
"597","10","Nov 7, 2015","12:00 PM","Sat","Illinois","@","Purdue","",0
"598","10","Nov 7, 2015","3:30 PM","Sat","(10) Iowa","@","Indiana","",0
"599","10","Nov 7, 2015","3:30 PM","Sat","Louisiana Tech","","North Texas","",0
"600","10","Nov 7, 2015","2:00 PM","Sat","Louisiana-Lafayette","@","Georgia State","",0
"601","10","Nov 7, 2015","12:30 PM","Sat","Louisville","","Syracuse","",0
"602","10","Nov 7, 2015","3:00 PM","Sat","Miami (FL)","","Virginia","",0
"603","10","Nov 7, 2015","2:30 PM","Sat","Miami (OH)","","Eastern Michigan","",0
"604","10","Nov 7, 2015","3:30 PM","Sat","(16) Michigan","","Rutgers","",0
"605","10","Nov 7, 2015","3:30 PM","Sat","Middle Tennessee State","","Marshall","",0
"606","10","Nov 7, 2015","7:00 PM","Sat","Navy","@","(15) Memphis","",0
"607","10","Nov 7, 2015","7:00 PM","Sat","Nebraska","","(6) Michigan State","",0
"608","10","Nov 7, 2015","6:00 PM","Sat","Nevada-Las Vegas","","Hawaii","",0
"609","10","Nov 7, 2015","3:30 PM","Sat","New Mexico","","Utah State","",0
"610","10","Nov 7, 2015","4:00 PM","Sat","New Mexico State","@","Texas State","",0
"611","10","Nov 7, 2015","12:00 PM","Sat","(21) North Carolina","","Duke","",0
"612","10","Nov 7, 2015","12:30 PM","Sat","North Carolina State","@","Boston College","",0
"613","10","Nov 7, 2015","12:00 PM","Sat","Northwestern","","Penn State","",0
"614","10","Nov 7, 2015","12:00 PM","Sat","(8) Notre Dame","@","Pittsburgh","",0
"615","10","Nov 7, 2015","8:00 PM","Sat","(1) Ohio State","","Minnesota","",0
"616","10","Nov 7, 2015","7:00 PM","Sat","(14) Oklahoma","","Iowa State","",0
"617","10","Nov 7, 2015","3:30 PM","Sat","(12) Oklahoma State","","(5) Texas Christian","",0
"618","10","Nov 7, 2015","7:00 PM","Sat","Old Dominion","@","Texas-San Antonio","",0
"619","10","Nov 7, 2015","10:30 PM","Sat","Oregon","","California","",0
"620","10","Nov 7, 2015","3:00 PM","Sat","South Alabama","","Idaho","",0
"621","10","Nov 7, 2015","7:30 PM","Sat","South Florida","@","East Carolina","",0
"622","10","Nov 7, 2015","10:30 PM","Sat","Southern California","","Arizona","",0
"623","10","Nov 7, 2015","1:00 PM","Sat","(9) Stanford","@","Colorado","",0
"624","10","Nov 7, 2015","4:00 PM","Sat","Tennessee","","South Carolina","",0
"625","10","Nov 7, 2015","8:00 PM","Sat","Texas","","Kansas","",0
"626","10","Nov 7, 2015","3:30 PM","Sat","Troy","","Louisiana-Monroe","",0
"627","10","Nov 7, 2015","12:00 PM","Sat","Tulsa","","Central Florida","",0
"628","10","Nov 7, 2015","4:30 PM","Sat","(22) UCLA","@","Oregon State","",0
"629","10","Nov 7, 2015","7:30 PM","Sat","(13) Utah","@","Washington","",0
"630","10","Nov 7, 2015","3:30 PM","Sat","Washington State","","Arizona State","",0
"631","10","Nov 7, 2015","12:00 PM","Sat","West Virginia","","Texas Tech","",0
"632","10","Nov 7, 2015","12:00 PM","Sat","Western Kentucky","","Florida Atlantic","",0
"633","10","Nov 7, 2015","3:30 PM","Sat","Wisconsin","@","Maryland","",0
"634","11","Nov 10, 2015","8:00 PM","Tue","Ohio","","Kent State","",0
"635","11","Nov 10, 2015","8:00 PM","Tue","Toledo","@","Central Michigan","",0
"636","11","Nov 11, 2015","8:00 PM","Wed","Bowling Green State","@","Western Michigan","",0
"637","11","Nov 11, 2015","8:00 PM","Wed","Northern Illinois","@","Buffalo","",0
"638","11","Nov 12, 2015","7:30 PM","Thu","South Alabama","","Louisiana-Lafayette","",0
"639","11","Nov 12, 2015","7:30 PM","Thu","Virginia Tech","@","Georgia Tech","",0
"640","11","Nov 13, 2015","9:00 PM","Fri","Southern California","@","Colorado","",0
"641","11","Nov 14, 2015","2:00 PM","Sat","Air Force","","Utah State","",0
"642","11","Nov 14, 2015","12:00 PM","Sat","Akron","@","Miami (OH)","",0
"643","11","Nov 14, 2015","3:30 PM","Sat","(3) Alabama","@","(20) Mississippi State","",0
"644","11","Nov 14, 2015","5:00 PM","Sat","Appalachian State","@","Idaho","",0
"645","11","Nov 14, 2015","10:00 PM","Sat","Arizona","","(10) Utah","",0
"646","11","Nov 14, 2015","3:00 PM","Sat","Arizona State","","Washington","",0
"647","11","Nov 14, 2015","7:15 PM","Sat","Arkansas","@","(9) Louisiana State","",0
"648","11","Nov 14, 2015","3:00 PM","Sat","Arkansas State","@","Louisiana-Monroe","",0
"649","11","Nov 14, 2015","10:30 PM","Sat","California","","Oregon State","",0
"650","11","Nov 14, 2015","7:30 PM","Sat","Cincinnati","","Tulsa","",0
"651","11","Nov 14, 2015","3:30 PM","Sat","(1) Clemson","@","Syracuse","",0
"652","11","Nov 14, 2015","7:00 PM","Sat","Colorado State","","Nevada-Las Vegas","",0
"653","11","Nov 14, 2015","12:00 PM","Sat","(11) Florida","@","South Carolina","",0
"654","11","Nov 14, 2015","12:30 PM","Sat","(19) Florida State","","North Carolina State","",0
"655","11","Nov 14, 2015","11:00 PM","Sat","Fresno State","@","Hawaii","",0
"656","11","Nov 14, 2015","12:00 PM","Sat","Georgia","@","Auburn","",0
"657","11","Nov 14, 2015","3:30 PM","Sat","Georgia Southern","@","Troy","",0
"658","11","Nov 14, 2015","4:00 PM","Sat","Georgia State","@","Texas State","",0
"659","11","Nov 14, 2015","7:00 PM","Sat","(16) Houston","","(25) Memphis","",0
"660","11","Nov 14, 2015","8:00 PM","Sat","(8) Iowa","","Minnesota","",0
"661","11","Nov 14, 2015","12:30 PM","Sat","Louisville","","Virginia","",0
"662","11","Nov 14, 2015","3:30 PM","Sat","Marshall","","Florida International","",0
"663","11","Nov 14, 2015","3:00 PM","Sat","Massachusetts","@","Eastern Michigan","",0
"664","11","Nov 14, 2015","3:30 PM","Sat","(15) Michigan","@","Indiana","",0
"665","11","Nov 14, 2015","12:00 PM","Sat","(14) Michigan State","","Maryland","",0
"666","11","Nov 14, 2015","12:00 PM","Sat","Middle Tennessee State","@","Florida Atlantic","",0
"667","11","Nov 14, 2015","7:30 PM","Sat","Missouri","","Brigham Young","",0
"668","11","Nov 14, 2015","3:30 PM","Sat","(22) Navy","","Southern Methodist","",0
"669","11","Nov 14, 2015","3:30 PM","Sat","Nebraska","@","Rutgers","",0
"670","11","Nov 14, 2015","4:00 PM","Sat","Nevada","","San Jose State","",0
"671","11","Nov 14, 2015","10:15 PM","Sat","New Mexico","@","Boise State","",0
"672","11","Nov 14, 2015","3:30 PM","Sat","(17) North Carolina","","Miami (FL)","",0
"673","11","Nov 14, 2015","12:00 PM","Sat","(24) Northwestern","","Purdue","",0
"674","11","Nov 14, 2015","3:30 PM","Sat","(6) Notre Dame","","Wake Forest","",0
"675","11","Nov 14, 2015","12:00 PM","Sat","(2) Ohio State","@","Illinois","",0
"676","11","Nov 14, 2015","8:00 PM","Sat","(12) Oklahoma","@","(4) Baylor","",0
"677","11","Nov 14, 2015","3:30 PM","Sat","(5) Oklahoma State","@","Iowa State","",0
"678","11","Nov 14, 2015","12:00 PM","Sat","Old Dominion","","Texas-El Paso","",0
"679","11","Nov 14, 2015","7:30 PM","Sat","Oregon","@","(7) Stanford","",0
"680","11","Nov 14, 2015","12:00 PM","Sat","Pittsburgh","@","Duke","",0
"681","11","Nov 14, 2015","10:30 PM","Sat","San Diego State","","Wyoming","",0
"682","11","Nov 14, 2015","7:00 PM","Sat","South Florida","","(21) Temple","",0
"683","11","Nov 14, 2015","3:30 PM","Sat","Southern Mississippi","@","Rice","",0
"684","11","Nov 14, 2015","12:00 PM","Sat","Tennessee","","North Texas","",0
"685","11","Nov 14, 2015","7:00 PM","Sat","Texas A&M","","Western Carolina","",0
"686","11","Nov 14, 2015","12:00 PM","Sat","(13) Texas Christian","","Kansas","",0
"687","11","Nov 14, 2015","3:30 PM","Sat","Texas Tech","","Kansas State","",0
"688","11","Nov 14, 2015","2:00 PM","Sat","Texas-San Antonio","@","Charlotte","",0
"689","11","Nov 14, 2015","12:00 PM","Sat","Tulane","@","Army","",0
"690","11","Nov 14, 2015","4:00 PM","Sat","Vanderbilt","","Kentucky","",0
"691","11","Nov 14, 2015","10:45 PM","Sat","Washington State","@","(18) UCLA","",0
"692","11","Nov 14, 2015","12:00 PM","Sat","West Virginia","","Texas","",0
"693","12","Nov 17, 2015","7:00 PM","Tue","Ohio","","Ball State","",0
"694","12","Nov 17, 2015","6:00 PM","Tue","Toledo","@","Bowling Green State","",0
"695","12","Nov 18, 2015","8:00 PM","Wed","Central Michigan","@","Kent State","",0
"696","12","Nov 18, 2015","8:00 PM","Wed","Northern Illinois","","Western Michigan","",0
"697","12","Nov 19, 2015","7:30 PM","Thu","East Carolina","@","Central Florida","",0
"698","12","Nov 19, 2015","9:30 PM","Thu","Texas State","","Louisiana-Monroe","",0
"699","12","Nov 20, 2015","9:30 PM","Fri","Air Force","@","Boise State","",0
"700","12","Nov 20, 2015","8:00 PM","Fri","South Florida","","Cincinnati","",0
"701","12","Nov 21, 2015","3:30 PM","Sat","Akron","","Buffalo","",0
"702","12","Nov 21, 2015","4:00 PM","Sat","(3) Alabama","","Charleston Southern","",0
"703","12","Nov 21, 2015","3:30 PM","Sat","Arizona State","","Arizona","",0
"704","12","Nov 21, 2015","4:00 PM","Sat","Auburn","","Idaho","",0
"705","12","Nov 21, 2015","7:30 PM","Sat","(10) Baylor","@","(4) Oklahoma State","",0
"706","12","Nov 21, 2015","3:00 PM","Sat","Brigham Young","","Fresno State","",0
"707","12","Nov 21, 2015","12:00 PM","Sat","Citadel","@","South Carolina","",0
"708","12","Nov 21, 2015","3:30 PM","Sat","(1) Clemson","","Wake Forest","",0
"709","12","Nov 21, 2015","5:30 PM","Sat","Colorado State","@","New Mexico","",0
"710","12","Nov 21, 2015","3:30 PM","Sat","Connecticut","","(13) Houston","",0
"711","12","Nov 21, 2015","12:00 PM","Sat","(8) Florida","","Florida Atlantic","",0
"712","12","Nov 21, 2015","3:00 PM","Sat","(16) Florida State","","Chattanooga","",0
"713","12","Nov 21, 2015","7:00 PM","Sat","Georgia","","Georgia Southern","",0
"714","12","Nov 21, 2015","2:00 PM","Sat","Georgia State","","South Alabama","",0
"715","12","Nov 21, 2015","12:00 PM","Sat","Indiana","@","Maryland","",0
"716","12","Nov 21, 2015","12:00 PM","Sat","(6) Iowa","","Purdue","",0
"717","12","Nov 21, 2015","12:00 PM","Sat","Kansas State","","Iowa State","",0
"718","12","Nov 21, 2015","7:30 PM","Sat","Kentucky","","Charlotte","",0
"719","12","Nov 21, 2015","3:30 PM","Sat","Louisiana Tech","@","Texas-El Paso","",0
"720","12","Nov 21, 2015","12:30 PM","Sat","Miami (FL)","","Georgia Tech","",0
"721","12","Nov 21, 2015","1:00 PM","Sat","Miami (OH)","@","Massachusetts","",0
"722","12","Nov 21, 2015","12:00 PM","Sat","(14) Michigan","@","Penn State","",0
"723","12","Nov 21, 2015","3:30 PM","Sat","(9) Michigan State","@","(2) Ohio State","",0
"724","12","Nov 21, 2015","12:00 PM","Sat","Middle Tennessee State","","North Texas","",0
"725","12","Nov 21, 2015","12:00 PM","Sat","Minnesota","","Illinois","",0
"726","12","Nov 21, 2015","3:30 PM","Sat","(25) Mississippi","","(17) Louisiana State","",0
"727","12","Nov 21, 2015","7:00 PM","Sat","Mississippi State","@","Arkansas","",0
"728","12","Nov 21, 2015","7:00 PM","Sat","(19) Navy","@","Tulsa","",0
"729","12","Nov 21, 2015","5:00 PM","Sat","New Mexico State","@","Louisiana-Lafayette","",0
"730","12","Nov 21, 2015","12:00 PM","Sat","(12) North Carolina","@","Virginia Tech","",0
"731","12","Nov 21, 2015","12:30 PM","Sat","North Carolina State","","Syracuse","",0
"732","12","Nov 21, 2015","3:30 PM","Sat","(20) Northwestern","@","(21) Wisconsin","",0
"733","12","Nov 21, 2015","7:30 PM","Sat","(5) Notre Dame","","Boston College","",0
"734","12","Nov 21, 2015","8:00 PM","Sat","(7) Oklahoma","","(11) Texas Christian","",0
"735","12","Nov 21, 2015","3:30 PM","Sat","(23) Oregon","","(22) Southern California","",0
"736","12","Nov 21, 2015","3:45 PM","Sat","Pittsburgh","","Louisville","",0
"737","12","Nov 21, 2015","12:00 PM","Sat","Rutgers","@","Army","",0
"738","12","Nov 21, 2015","10:30 PM","Sat","San Diego State","@","Nevada-Las Vegas","",0
"739","12","Nov 21, 2015","11:00 PM","Sat","San Jose State","@","Hawaii","",0
"740","12","Nov 21, 2015","8:00 PM","Sat","Southern Methodist","","Tulane","",0
"741","12","Nov 21, 2015","3:30 PM","Sat","Southern Mississippi","","Old Dominion","",0
"742","12","Nov 21, 2015","10:30 PM","Sat","(15) Stanford","","California","",0
"743","12","Nov 21, 2015","12:00 PM","Sat","Temple","","Memphis","",0
"744","12","Nov 21, 2015","7:15 PM","Sat","Tennessee","@","Missouri","",0
"745","12","Nov 21, 2015","7:30 PM","Sat","Texas A&M","@","Vanderbilt","",0
"746","12","Nov 21, 2015","7:00 PM","Sat","Texas-San Antonio","","Rice","",0
"747","12","Nov 21, 2015","3:30 PM","Sat","UCLA","@","(18) Utah","",0
"748","12","Nov 21, 2015","3:30 PM","Sat","Utah State","","Nevada","",0
"749","12","Nov 21, 2015","3:30 PM","Sat","Virginia","","Duke","",0
"750","12","Nov 21, 2015","6:00 PM","Sat","Washington","@","Oregon State","",0
"751","12","Nov 21, 2015","10:45 PM","Sat","(24) Washington State","","Colorado","",0
"752","12","Nov 21, 2015","12:00 PM","Sat","West Virginia","@","Kansas","",0
"753","12","Nov 21, 2015","2:30 PM","Sat","Western Kentucky","@","Florida International","",0
"754","13","Nov 24, 2015","7:00 PM","Tue","Bowling Green State","@","Ball State","",0
"755","13","Nov 24, 2015","7:30 PM","Tue","Ohio","@","Northern Illinois","",0
"756","13","Nov 26, 2015","7:30 PM","Thu","Texas Tech","@","Texas","",0
"757","13","Nov 27, 2015","12:00 PM","Fri","Akron","","Kent State","",0
"758","13","Nov 27, 2015","2:30 PM","Fri","Arkansas","","Missouri","",0
"759","13","Nov 27, 2015","3:30 PM","Fri","Boise State","@","San Jose State","",0
"760","13","Nov 27, 2015","1:00 PM","Fri","Central Michigan","","Eastern Michigan","",0
"761","13","Nov 27, 2015","2:00 PM","Fri","Georgia State","","Troy","",0
"762","13","Nov 27, 2015","12:00 PM","Fri","(21) Houston","","(16) Navy","",0
"763","13","Nov 27, 2015","3:30 PM","Fri","(3) Iowa","@","Nebraska","",0
"764","13","Nov 27, 2015","4:30 PM","Fri","Massachusetts","@","Buffalo","",0
"765","13","Nov 27, 2015","12:00 PM","Fri","Miami (FL)","@","Pittsburgh","",0
"766","13","Nov 27, 2015","4:00 PM","Fri","(18) Oregon","","Oregon State","",0
"767","13","Nov 27, 2015","","Fri","South Florida","@","Central Florida","",0
"768","13","Nov 27, 2015","7:30 PM","Fri","(15) Texas Christian","","(7) Baylor","",0
"769","13","Nov 27, 2015","8:00 PM","Fri","Tulsa","@","Tulane","",0
"770","13","Nov 27, 2015","3:30 PM","Fri","Washington","","(20) Washington State","",0
"771","13","Nov 27, 2015","12:00 PM","Fri","Western Kentucky","","Marshall","",0
"772","13","Nov 27, 2015","12:00 PM","Fri","Western Michigan","@","(24) Toledo","",0
"773","13","Nov 28, 2015","3:30 PM","Sat","(2) Alabama","@","Auburn","",0
"774","13","Nov 28, 2015","2:00 PM","Sat","Appalachian State","","Louisiana-Lafayette","",0
"775","13","Nov 28, 2015","4:00 PM","Sat","Arkansas State","@","New Mexico State","",0
"776","13","Nov 28, 2015","3:30 PM","Sat","Brigham Young","@","Utah State","",0
"777","13","Nov 28, 2015","10:00 PM","Sat","California","","Arizona State","",0
"778","13","Nov 28, 2015","12:00 PM","Sat","Cincinnati","@","East Carolina","",0
"779","13","Nov 28, 2015","12:00 PM","Sat","(1) Clemson","@","South Carolina","",0
"780","13","Nov 28, 2015","9:00 PM","Sat","Colorado State","@","Fresno State","",0
"781","13","Nov 28, 2015","12:30 PM","Sat","Duke","@","Wake Forest","",0
"782","13","Nov 28, 2015","12:00 PM","Sat","Florida Atlantic","@","Old Dominion","",0
"783","13","Nov 28, 2015","7:30 PM","Sat","(14) Florida State","@","(10) Florida","",0
"784","13","Nov 28, 2015","12:00 PM","Sat","Georgia","@","Georgia Tech","",0
"785","13","Nov 28, 2015","2:00 PM","Sat","Georgia Southern","","South Alabama","",0
"786","13","Nov 28, 2015","11:00 PM","Sat","Hawaii","","Louisiana-Monroe","",0
"787","13","Nov 28, 2015","5:00 PM","Sat","Idaho","","Texas State","",0
"788","13","Nov 28, 2015","12:00 PM","Sat","Indiana","@","Purdue","",0
"789","13","Nov 28, 2015","4:00 PM","Sat","Kansas State","@","Kansas","",0
"790","13","Nov 28, 2015","7:30 PM","Sat","Louisiana State","","Texas A&M","",0
"791","13","Nov 28, 2015","12:00 PM","Sat","Louisville","@","Kentucky","",0
"792","13","Nov 28, 2015","12:00 PM","Sat","Maryland","@","Rutgers","",0
"793","13","Nov 28, 2015","12:00 PM","Sat","Memphis","","Southern Methodist","",0
"794","13","Nov 28, 2015","3:30 PM","Sat","(6) Michigan State","","Penn State","",0
"795","13","Nov 28, 2015","2:30 PM","Sat","Middle Tennessee State","@","Texas-San Antonio","",0
"796","13","Nov 28, 2015","7:15 PM","Sat","(19) Mississippi","@","(23) Mississippi State","",0
"797","13","Nov 28, 2015","10:15 PM","Sat","New Mexico","","Air Force","",0
"798","13","Nov 28, 2015","3:30 PM","Sat","(11) North Carolina","@","North Carolina State","",0
"799","13","Nov 28, 2015","3:30 PM","Sat","(17) Northwestern","","Illinois","",0
"800","13","Nov 28, 2015","12:00 PM","Sat","(8) Ohio State","@","(12) Michigan","",0
"801","13","Nov 28, 2015","8:00 PM","Sat","(5) Oklahoma","@","(9) Oklahoma State","",0
"802","13","Nov 28, 2015","3:30 PM","Sat","Rice","","Charlotte","",0
"803","13","Nov 28, 2015","10:45 PM","Sat","San Diego State","","Nevada","",0
"804","13","Nov 28, 2015","3:30 PM","Sat","Southern California","","(22) UCLA","",0
"805","13","Nov 28, 2015","12:00 PM","Sat","Southern Mississippi","@","Louisiana Tech","",0
"806","13","Nov 28, 2015","7:30 PM","Sat","(13) Stanford","","(4) Notre Dame","",0
"807","13","Nov 28, 2015","12:30 PM","Sat","Syracuse","","Boston College","",0
"808","13","Nov 28, 2015","7:00 PM","Sat","(25) Temple","","Connecticut","",0
"809","13","Nov 28, 2015","4:00 PM","Sat","Tennessee","","Vanderbilt","",0
"810","13","Nov 28, 2015","3:30 PM","Sat","Texas-El Paso","@","North Texas","",0
"811","13","Nov 28, 2015","2:30 PM","Sat","Utah","","Colorado","",0
"812","13","Nov 28, 2015","12:00 PM","Sat","Virginia Tech","@","Virginia","",0
"813","13","Nov 28, 2015","12:00 PM","Sat","West Virginia","","Iowa State","",0
"814","13","Nov 28, 2015","3:30 PM","Sat","Wisconsin","@","Minnesota","",0
"815","13","Nov 28, 2015","2:00 PM","Sat","Wyoming","","Nevada-Las Vegas","",0
"816","14","Dec 4, 2015","8:00 PM","Fri","Bowling Green State","","Northern Illinois","",0
"817","14","Dec 5, 2015","4:00 PM","Sat","(2) Alabama","","(18) Florida","",0
"818","14","Dec 5, 2015","7:30 PM","Sat","Appalachian State","@","South Alabama","",0
"819","14","Dec 5, 2015","3:00 PM","Sat","Arkansas State","","Texas State","",0
"820","14","Dec 5, 2015","8:00 PM","Sat","(1) Clemson","","(8) North Carolina","",0
"821","14","Dec 5, 2015","2:00 PM","Sat","Georgia State","@","Georgia Southern","",0
"822","14","Dec 5, 2015","12:00 PM","Sat","(17) Houston","","(20) Temple","",0
"823","14","Dec 5, 2015","4:30 PM","Sat","Kansas State","","West Virginia","",0
"824","14","Dec 5, 2015","3:00 PM","Sat","Louisiana-Monroe","","New Mexico State","",0
"825","14","Dec 5, 2015","8:00 PM","Sat","(5) Michigan State","","(4) Iowa","",0
"826","14","Dec 5, 2015","7:30 PM","Sat","San Diego State","","Air Force","",0
"827","14","Dec 5, 2015","7:45 PM","Sat","(7) Stanford","","(24) Southern California","",0
"828","14","Dec 5, 2015","12:00 PM","Sat","Texas","@","(12) Baylor","",0
"829","14","Dec 5, 2015","5:00 PM","Sat","Troy","@","Louisiana-Lafayette","",0
"830","14","Dec 5, 2015","12:00 PM","Sat","Western Kentucky","","Southern Mississippi","",0
"831","15","Dec 12, 2015","3:00 PM","Sat","(21) Navy","","Army","",0
"832","16","Dec 19, 2015","5:30 PM","Sat","Appalachian State","","Ohio","",0
"833","16","Dec 19, 2015","2:00 PM","Sat","Arizona","","New Mexico","",0
"834","16","Dec 19, 2015","9:00 PM","Sat","Louisiana Tech","","Arkansas State","",0
"835","16","Dec 19, 2015","7:00 PM","Sat","San Jose State","","Georgia State","",0
"836","16","Dec 19, 2015","3:30 PM","Sat","(20) Utah","","Brigham Young","",0
"837","16","Dec 21, 2015","2:30 PM","Mon","(25) Western Kentucky","","South Florida","",0
"838","17","Dec 22, 2015","3:30 PM","Tue","Akron","","Utah State","",0
"839","17","Dec 22, 2015","7:00 PM","Tue","Toledo","","(24) Temple","",0
"840","17","Dec 23, 2015","4:30 PM","Wed","Boise State","","Northern Illinois","",0
"841","17","Dec 23, 2015","8:00 PM","Wed","Georgia Southern","","Bowling Green State","",0
"842","17","Dec 24, 2015","8:00 PM","Thu","San Diego State","","Cincinnati","",0
"843","17","Dec 24, 2015","12:00 PM","Thu","Western Michigan","","Middle Tennessee State","",0
"844","17","Dec 26, 2015","3:30 PM","Sat","Duke","","Indiana","",0
"845","17","Dec 26, 2015","11:00 AM","Sat","Marshall","","Connecticut","",0
"846","17","Dec 26, 2015","9:15 PM","Sat","Nebraska","","UCLA","",0
"847","17","Dec 26, 2015","5:45 PM","Sat","Virginia Tech","","Tulsa","",0
"848","17","Dec 26, 2015","2:20 PM","Sat","Washington","","Southern Mississippi","",0
"849","17","Dec 26, 2015","2:00 PM","Sat","Washington State","","Miami (FL)","",0
"850","17","Dec 28, 2015","5:00 PM","Mon","Minnesota","","Central Michigan","",0
"851","17","Dec 28, 2015","2:30 PM","Mon","(21) Navy","","Pittsburgh","",0
"852","18","Dec 29, 2015","5:30 PM","Tue","(18) Baylor","","(10) North Carolina","",0
"853","18","Dec 29, 2015","2:00 PM","Tue","California","","Air Force","",0
"854","18","Dec 29, 2015","9:00 PM","Tue","(22) Louisiana State","","Texas Tech","",0
"855","18","Dec 29, 2015","7:30 PM","Tue","Nevada","","Colorado State","",0
"856","18","Dec 30, 2015","12:00 PM","Wed","Auburn","","Memphis","",0
"857","18","Dec 30, 2015","7:00 PM","Wed","Louisville","","Texas A&M","",0
"858","18","Dec 30, 2015","3:30 PM","Wed","Mississippi State","","North Carolina State","",0
"859","18","Dec 30, 2015","10:30 PM","Wed","(23) Wisconsin","","Southern California","",0
"860","18","Dec 31, 2015","8:00 PM","Thu","(2) Alabama","","(3) Michigan State","",0
"861","18","Dec 31, 2015","4:00 PM","Thu","(1) Clemson","","(4) Oklahoma","",0
"862","18","Dec 31, 2015","12:00 PM","Thu","(14) Houston","","(9) Florida State","",0
"863","18","Jan 1, 2016","1:00 PM","Fri","(17) Michigan","","(19) Florida","",0
"864","18","Jan 1, 2016","8:30 PM","Fri","(16) Mississippi","","(13) Oklahoma State","",0
"865","18","Jan 1, 2016","1:00 PM","Fri","(7) Ohio State","","(8) Notre Dame","",0
"866","18","Jan 1, 2016","5:00 PM","Fri","(5) Stanford","","(6) Iowa","",0
"867","18","Jan 1, 2016","12:00 PM","Fri","Tennessee","","(12) Northwestern","",0
"868","18","Jan 2, 2016","3:20 PM","Sat","Arkansas","","Kansas State","",0
"869","18","Jan 2, 2016","12:00 PM","Sat","Georgia","","Penn State","",0
"870","18","Jan 2, 2016","6:45 PM","Sat","(11) Texas Christian","","(15) Oregon","",0
"871","18","Jan 2, 2016","10:15 PM","Sat","West Virginia","","Arizona State","",0
"872","19","Jan 11, 2016","8:30 PM","Mon","(2) Alabama","","(1) Clemson","",0
